,url_pk,channel_id,title,description,thumbnails,view_count,like_count,published,play_time
0,bTFUvEco2oY,UCNhofiqfw5nl-NeDJkXtPvw,33살 백수 빡시게 세계여행 가기 【유라시아0】,"내려 놓는다고 했는데 내려놓을게 별로 없는게 함정

오홍홍 좋아용
-------------------------------------------------------------------------
촬영장비
Gopro7
Lumix G85

마이크
없음(Gopro7)
-------------------------------------------------------------------------
BGM

Bobbi. Brix - Someday
(유튜브 미등록)
-------------------------------------------------------------------------",https://i.ytimg.com/vi/bTFUvEco2oY/hqdefault.jpg,1853982,22813,2019-01-15T09:34:02Z,PT3M29S
1,H-ggZfCMkKE,UCNhofiqfw5nl-NeDJkXtPvw,방콕 폐허 건물 탐방하기 【유라시아1】,"카오산 근처에 있는 뉴 월드 쇼핑몰(New World Shopping Mall),
방콕 고스트 타워(Sathorn Tower), 
비행기 무덤
-------------------------------------------------------------------------
촬영장비
Gopro7
Lumix G85

마이크
없음(Gopro7)
-------------------------------------------------------------------------
BGM

Bobbi. Brix - Tricky boys
(유튜브 미등록)

Doctor Turtle - I Snost I Lost
https://www.youtube.com/watch?v=7iETq1UO1IY

Take Me Higher - Jahzzar
https://www.youtube.com/watch?v=sSEq9Ztw4Bc
-------------------------------------------------------------------------",https://i.ytimg.com/vi/H-ggZfCMkKE/hqdefault.jpg,1257526,14486,2019-01-17T10:34:45Z,PT11M30S
2,7jCQDVxGEy8,UCNhofiqfw5nl-NeDJkXtPvw,"캄보디아에서 샷건, AK연발 쏴보기 【유라시아2】","쏘았다
좋았다
-------------------------------------------------------------------------
촬영장비
Gopro7
Lumix G85

마이크
없음(Gopro7)
-------------------------------------------------------------------------
BGM

Doctor Turtle - I Snost I Lost
https://www.youtube.com/watch?v=7iETq1UO1IY&t=1s

Take Me Higher - Jahzzar
https://www.youtube.com/watch?v=sSEq9Ztw4Bc
-------------------------------------------------------------------------",https://i.ytimg.com/vi/7jCQDVxGEy8/hqdefault.jpg,986972,11076,2019-01-18T16:06:29Z,PT7M16S
3,y6Zw69ea5DM,UCNhofiqfw5nl-NeDJkXtPvw,베트남에서 중고 오토바이 사기 【유라시아3】,"오토바이 사다가 친해진 베트남 친구랑 같이 베트남 vs 요르단 축구 응원했습니다.

당연히 질 줄 알고 베트남 사람들은 밖에 많이 안나왔다고 하네요....
-------------------------------------------------------------------------
촬영장비
Gopro7
Lumix G85

마이크
없음(Gopro7)
-------------------------------------------------------------------------
BGM

Take Me Higher - Jahzzar
https://www.youtube.com/watch?v=sSEq9Ztw4Bc

Jason Shaw - JENNY'S THEME
https://www.youtube.com/watch?v=pkBz8nJ-vYI
-------------------------------------------------------------------------",https://i.ytimg.com/vi/y6Zw69ea5DM/hqdefault.jpg,1070844,11226,2019-01-21T13:27:59Z,PT9M45S
4,4xd7LlUhIJg,UCNhofiqfw5nl-NeDJkXtPvw,베트남에서 얼어 죽을 뻔 하기 【유라시아4】,"동남아 고산지대에서의 예측 못한 추위
하지만 달랏은 멋진 곳이었다
-------------------------------------------------------------------------
촬영장비
Gopro7
Lumix G85

마이크
없음(Gopro7)
-------------------------------------------------------------------------
BGM

Jason Shaw - JENNY'S THEME
https://www.youtube.com/watch?v=pkBz8nJ-vYI

Bobbi.brixx - Tricky boys
(유튜브 미등록)

Take Me Higher - Jahzzar
https://www.youtube.com/watch?v=sSEq9Ztw4Bc
-------------------------------------------------------------------------",https://i.ytimg.com/vi/4xd7LlUhIJg/hqdefault.jpg,1194922,11987,2019-01-24T17:28:00Z,PT8M5S
5,e1bPcRtD5Wg,UCNhofiqfw5nl-NeDJkXtPvw,베트남에서 한류 느껴보기 【유라시아5】,"박항서 만세입니다
-------------------------------------------------------------------------
촬영장비
Gopro7
Lumix G85

마이크
없음(Gopro7)
-------------------------------------------------------------------------
BGM

Bobbi. Brix - Master Trip
(유튜브 미등록)

Jason Shaw - SOLO ACOUSTIC GUITAR
https://www.youtube.com/watch?v=4M9Puanhdac

Broke for Free - Something Elated
https://www.youtube.com/watch?v=kxh4S2A8Q4U

Jahzzar - Green Lights
https://www.youtube.com/watch?v=sDzNCw8p96A

Jahzzar - Take Me Higher
https://www.youtube.com/watch?v=sSEq9Ztw4Bc
-------------------------------------------------------------------------",https://i.ytimg.com/vi/e1bPcRtD5Wg/hqdefault.jpg,995673,9950,2019-01-27T01:00:05Z,PT4M45S
6,R1hTNmwNHns,UCNhofiqfw5nl-NeDJkXtPvw,한번도 안먹어본 동남아 과일 먹어보기 【유라시아6】,"더럽게 먹어서 죄송합니다 몰랐습니다 어휴
손좀 씻어가면서 먹을껄
-------------------------------------------------------------------------
촬영장비
Gopro7
Lumix G85

마이크
없음(Gopro7)
-------------------------------------------------------------------------
BGM

Jahzzar - Take Me Higher
https://www.youtube.com/watch?v=sSEq9Ztw4Bc
-------------------------------------------------------------------------",https://i.ytimg.com/vi/R1hTNmwNHns/hqdefault.jpg,1420255,13937,2019-01-28T17:04:24Z,PT10M34S
7,zEMIWAN8KTM,UCNhofiqfw5nl-NeDJkXtPvw,다낭 여행하고 실망하기 【유라시아7】,"중대장은 다낭에 실망했다
-------------------------------------------------------------------------
촬영장비
Gopro7
Lumix G85

마이크
없음(Gopro7)
-------------------------------------------------------------------------
BGM

Bobbi. Brix - Master Trip
(유튜브 미등록)

Jason Shaw - SERENITY
https://www.youtube.com/watch?v=nR_NqJ0leyc
-------------------------------------------------------------------------",https://i.ytimg.com/vi/zEMIWAN8KTM/hqdefault.jpg,1009125,10152,2019-01-30T14:53:12Z,PT5M24S
8,GL1DlsbdPMg,UCNhofiqfw5nl-NeDJkXtPvw,세계에서 가장 큰 동굴 가보기 【유라시아8】,"너무 비싸서 못갔다
나는 매우 슬픕니다
-------------------------------------------------------------------------
촬영장비
Gopro7
Lumix G85

마이크
없음(Gopro7)
-------------------------------------------------------------------------
BGM

Bobbi.brix - 엄마
https://www.youtube.com/watch?v=C08FPMZr-9A

Jason Shaw - SERENITY
https://www.youtube.com/watch?v=nR_NqJ0leyc
-------------------------------------------------------------------------",https://i.ytimg.com/vi/GL1DlsbdPMg/hqdefault.jpg,964790,10939,2019-02-02T03:47:44Z,PT11M15S
9,r-Kdx2O-SF4,UCNhofiqfw5nl-NeDJkXtPvw,베트남 라오스 육로 국경 넘기 【유라시아9】,"빈 대 싫 어

[확인결과 영상에 나온 벌레는 빈대는 아닌것으로 판명되었습니다.
어떻게 알았냐면 제가 미얀마에서 진짜 빈대에 물렸고 그 실체를 파악했기 때문입니다.]
-------------------------------------------------------------------------
촬영장비
Gopro7
Lumix G85

마이크
없음(Gopro7)
-------------------------------------------------------------------------
BGM

Bobbi. Brix - Master Trip
(유튜브 미등록)

Jason Shaw - SERENITY
https://www.youtube.com/watch?v=nR_NqJ0leyc

Jason Shaw - SOLO ACOUSTIC GUITAR
https://www.youtube.com/watch?v=4M9Puanhdac
-------------------------------------------------------------------------",https://i.ytimg.com/vi/r-Kdx2O-SF4/hqdefault.jpg,1065288,9762,2019-02-05T10:00:03Z,PT6M1S
10,KynbaNjTFpg,UCNhofiqfw5nl-NeDJkXtPvw,끝내주는 라오스 캠핑장에서 하룻밤 자보기 【유라시아10】,"Cool Pool 위치 Location - https://goo.gl/maps/S1ftJZUHPEo

위치는 한국여행자가 찾아가기에 좋은 곳은 아니긴 합니다만 지나가다가 가면 좋습니다
-------------------------------------------------------------------------
촬영장비
Gopro7
Lumix G85

마이크
없음(Gopro7)
-------------------------------------------------------------------------
BGM

Bobbi. Brix - Tricky boys
(유튜브 미등록)

Gillicuddy - Ferns and Cork
https://www.youtube.com/watch?v=Rxf-d0MotIk

Jason Shaw - JENNY'S THEME
https://www.youtube.com/watch?v=pkBz8nJ-vYI

Jason Shaw - SERENITY
https://www.youtube.com/watch?v=nR_NqJ0leyc
-------------------------------------------------------------------------",https://i.ytimg.com/vi/KynbaNjTFpg/hqdefault.jpg,1026209,11746,2019-02-06T08:42:23Z,PT10M42S
11,r8ywValPiBc,UCNhofiqfw5nl-NeDJkXtPvw,동남아 오토바이 여행 일상 【유라시아11】,"이제 라오스 이후 말레이시아로 갑니다

안올릴려다가 걍 찍은게 아까워서 편집함...

-------------------------------------------------------------------------
Contact - Instagram
https://www.instagram.com/uvwunwrap
-------------------------------------------------------------------------
촬영장비
Gopro7
Lumix G85

마이크
없음(Gopro7)
-------------------------------------------------------------------------
BGM

Kevin MacLeod - Acid Jazz
https://www.youtube.com/watch?v=qsOdeodEC9c

Kevin MacLeod ~ Gymnopedie No. 1
https://www.youtube.com/watch?v=myg7xM3IJY4

Monplaisir - Brother
(유튜브 미등록)

Small Colin - Mutations
https://www.youtube.com/watch?v=5uwYbRoUd5k
-------------------------------------------------------------------------",https://i.ytimg.com/vi/r8ywValPiBc/hqdefault.jpg,883444,9020,2019-02-09T11:40:35Z,PT7M53S
12,0iVNxYRlp_s,UCNhofiqfw5nl-NeDJkXtPvw,외국에서 외국인이랑 중고나라 하기 【유라시아12】,"오토바이 여행 끝나고
이제 다시 배낭여행 하빈다 
오토바이야 잘가렴
-------------------------------------------------------------------------
촬영장비
Gopro7
Lumix G85

마이크
없음(Gopro7)
-------------------------------------------------------------------------
BGM

Broke For Free - The Great
https://www.youtube.com/watch?v=S8iDVbb2bMU
-------------------------------------------------------------------------",https://i.ytimg.com/vi/0iVNxYRlp_s/hqdefault.jpg,972223,9572,2019-02-13T13:43:38Z,PT6M57S
13,eiCI_HqHl8M,UCNhofiqfw5nl-NeDJkXtPvw,친구와 라오스 방비엥 여행 망하기 【유라시아13】,"★ 유튜브 자체 자막 존재합니다 꼭 자막을 켜주세요! ★
-------------------------------------------------------------------------
촬영장비
Gopro7
Lumix G85

마이크
없음(Gopro7)
-------------------------------------------------------------------------
BGM

Tri Tachyon - Little Lily Swing
https://www.youtube.com/watch?v=WsvDa_C9Cg4
-------------------------------------------------------------------------",https://i.ytimg.com/vi/eiCI_HqHl8M/hqdefault.jpg,960153,9770,2019-02-15T14:32:39Z,PT11M37S
14,7r0Zt1KntlM,UCNhofiqfw5nl-NeDJkXtPvw,말레이시아 중산층 생활 체험하기 【유라시아14】,"한국어 자막 키고 보세요
먹고 놀고 쳐자느라 영상 올리는데 좀 오래걸림...ㅎㅎ
-------------------------------------------------------------------------
촬영장비
Gopro7
Lumix G85

마이크
없음(Gopro7)
-------------------------------------------------------------------------
BGM

Peter Gresser - Skipping in the No Standing Zone
https://www.youtube.com/watch?v=mNvVpohvGmk&t=1s

Quantum Jazz - If I Can't Dance It's Not My Revolution
https://www.youtube.com/watch?v=fLYlEfkGr1E
-------------------------------------------------------------------------",https://i.ytimg.com/vi/7r0Zt1KntlM/hqdefault.jpg,1611830,14708,2019-02-19T09:05:31Z,PT14M16S
15,6-6jHuBXAFI,UCNhofiqfw5nl-NeDJkXtPvw,태국 섬 한가운데서 노숙 위기 【유라시아15】,"인터넷이 매우 느리무...
-------------------------------------------------------------------------
촬영장비
Gopro7
Lumix G85

마이크
없음(Gopro7)
-------------------------------------------------------------------------
BGM

Broke for Free - Something Elated
https://www.youtube.com/watch?v=kxh4S2A8Q4U

Jahzzar - No-End Ave
https://www.youtube.com/watch?v=FyvDxVXfFVw

Jahzzar - Siesta
https://www.youtube.com/watch?v=6Ubhr-jQmPo
-------------------------------------------------------------------------",https://i.ytimg.com/vi/6-6jHuBXAFI/hqdefault.jpg,1120882,10738,2019-02-25T07:00:01Z,PT11M33S
16,cTCmSOfGf5I,UCNhofiqfw5nl-NeDJkXtPvw,태국에서 히치하이킹하기 【유라시아16】,"착한 강매를 당하다
-------------------------------------------------------------------------
촬영장비
Gopro7
Lumix G85

마이크
없음(Gopro7)
-------------------------------------------------------------------------
BGM

Doctor Turtle - Todays Special jam Tomorrow
https://www.youtube.com/watch?v=Bpe3ySPw7tM&t=6s

Jahzzar - No-End Ave
https://www.youtube.com/watch?v=FyvDxVXfFVw

 Jahzzar - So Easy
https://www.youtube.com/watch?v=jaE-T57UDwY
-------------------------------------------------------------------------",https://i.ytimg.com/vi/cTCmSOfGf5I/hqdefault.jpg,988703,11280,2019-03-01T04:12:17Z,PT11M57S
17,_iFrYxjKgZQ,UCNhofiqfw5nl-NeDJkXtPvw,미얀마 차타고 38시간 이동하기 【유라시아17】,"태국에서 미얀마 양곤까지

욕창 생길뻔
-------------------------------------------------------------------------
촬영장비
Gopro7
Lumix G85

마이크
없음(Gopro7)
-------------------------------------------------------------------------
BGM

Broke For Free - Warm Up Suit
https://www.youtube.com/watch?v=0ER-W66iKzM

Broke for Free - Something Elated
https://www.youtube.com/watch?v=kxh4S2A8Q4U

Broke For Free - Living In Reverse
https://www.youtube.com/watch?v=q_3BGe-aqTw

Doctor Turtle - Todays Special jam Tomorrow
https://www.youtube.com/watch?v=Bpe3ySPw7tM&t=6s
-------------------------------------------------------------------------",https://i.ytimg.com/vi/_iFrYxjKgZQ/hqdefault.jpg,1506978,13892,2019-03-04T16:53:38Z,PT11M20S
18,a404rV0KN4M,UCNhofiqfw5nl-NeDJkXtPvw,정신이 이상해지는 미얀마 담배 먹어보기 【유라시아18】,"마지막 영상은 특별히
제가 취했을때의 느낌을 표현해 보았읍니다
그리고 저것은 사실 마약이 아닙니다 그냥 댬배입니다
-------------------------------------------------------------------------
촬영장비
Gopro7
Lumix G85

마이크
없음(Gopro7)
-------------------------------------------------------------------------
BGM

Enthusiast - Tours
https://www.youtube.com/watch?v=BXhdMcQACsE

Broke for Free - Something Elated
https://www.youtube.com/watch?v=kxh4S2A8Q4U

Kevin MacLeod - Hustle
https://www.youtube.com/watch?v=spcp4ueFfVY&t=26s
-------------------------------------------------------------------------",https://i.ytimg.com/vi/a404rV0KN4M/hqdefault.jpg,2314717,16561,2019-03-08T11:56:55Z,PT10M6S
19,pnT0ouJrThg,UCNhofiqfw5nl-NeDJkXtPvw,미얀마 바간 신종 사기 당해보기 【유라시아19】,"- 현재 인도에 왔습니다...
인터넷이 제대로 되는 숙소는 커녕 뜨거운물도 없는 숙소 등 현지 사정이 너무 안좋아서 유튜브 업로드가 많이 늦었네요
인터넷 초 강국 킹한민국 그립네요


제가 사기라고 적어놓은 이유는 다음날 아침 같은 유적지를 찾았을 때 이상한 경찰복장을 한 사람들이 갑자기 위험한 곳이라며 들어가는 것을 제지하는 걸 봤기 때문입니다. 
아마도 그림을 파는 사람들과 한패인 것으로 파악되며 돌아가며 유적지를 마음대로 개방하고 폐쇄하면서 좋은 선셋뷰가 있다고 속이고 돈을 받는 것 같습니다.
-------------------------------------------------------------------------
촬영장비
Gopro7
Lumix G85

마이크
없음(Gopro7)
-------------------------------------------------------------------------
BGM

Jahzzar - No-End Ave
https://www.youtube.com/watch?v=FyvDxVXfFVw

Jason Shaw - BACK TO THE WOODS
https://www.youtube.com/watch?v=M96TgmmFYTg
-------------------------------------------------------------------------",https://i.ytimg.com/vi/pnT0ouJrThg/hqdefault.jpg,1129263,11488,2019-03-15T05:25:10Z,PT10M22S
20,Rdn-tJvbppo,UCNhofiqfw5nl-NeDJkXtPvw,소문난 인도 여행 살짝  맛보기 【유라시아20】,"룩스 ^^7 
미얀마에서 인도 육로 국경 넘었습니다
현재 베드버그에게 메챠쿠챠 뜯겨 인도에서 요양중임다

베드버그녀석들
생각보다 꽤 쎄잖아?
-------------------------------------------------------------------------
촬영장비
Gopro7
Lumix G85

마이크
없음(Gopro7)
-------------------------------------------------------------------------
BGM

Kevin MacLeod - Slow Burn
https://www.youtube.com/watch?v=R_xxUdHv3kY

Kevin MacLeod - Acid Jazz
https://www.youtube.com/watch?v=qsOdeodEC9c

Jason Shaw - BACK TO THE WOODS
https://www.youtube.com/watch?v=M96TgmmFYTg

Jason Shaw - JENNY'S THEME
https://www.youtube.com/watch?v=pkBz8nJ-vYI
-------------------------------------------------------------------------",https://i.ytimg.com/vi/Rdn-tJvbppo/hqdefault.jpg,1734950,14310,2019-03-17T12:16:59Z,PT14M6S
21,CJIJN2WR-SI,UCNhofiqfw5nl-NeDJkXtPvw,인도 여행 중 길 잃어버리기 【유라시아21】,"인도 마니푸르 라는 주 입니다.
호수에서 하룻밤을 잤어요

여행중 그만 길을 잃어버렸지 뭡니까~~!
-------------------------------------------------------------------------
촬영장비
Gopro7
Lumix G85

마이크
없음(Gopro7)
-------------------------------------------------------------------------
BGM

Kevin MacLeod - Slow Burn
https://www.youtube.com/watch?v=R_xxUdHv3kY
-------------------------------------------------------------------------",https://i.ytimg.com/vi/CJIJN2WR-SI/hqdefault.jpg,1321657,13191,2019-03-20T05:51:02Z,PT13M10S
22,XdGt0jM9exE,UCNhofiqfw5nl-NeDJkXtPvw,5천원짜리 인도 호텔 후기 【유라시아22】,"싸내ㅔ잉~
-------------------------------------------------------------------------
촬영장비
Gopro7
Lumix G85

마이크
없음(Gopro7)
-------------------------------------------------------------------------
BGM

Kevin MacLeod - Baltic Levity
https://www.youtube.com/watch?v=PmtsH54Koaw

Kevin MacLeod - Fluffing a Duck
https://www.youtube.com/watch?v=Sbdutn8Q1T0

Kevin MacLeod - Radio Martini
https://www.youtube.com/watch?v=rNEl6i47AaM

Kevin MacLeod - Rollin at 5
https://www.youtube.com/watch?v=wvcl7TnwvA4

Kevin MacLeod - Sinfonia 3
https://www.youtube.com/watch?v=AvriqKOmr5Y
-------------------------------------------------------------------------",https://i.ytimg.com/vi/XdGt0jM9exE/hqdefault.jpg,2110215,17453,2019-03-23T01:17:44Z,PT6M19S
23,yVBqJp2UX9w,UCNhofiqfw5nl-NeDJkXtPvw,800원짜리 인도 이발소 가보기 【유라시아23】,"블루클럽...ㅎㅎ
실패

당분간 모자쓰고 다닙니다 ㅎㅎ
-------------------------------------------------------------------------
촬영장비
Gopro7
Lumix G85

마이크
없음(Gopro7)
-------------------------------------------------------------------------",https://i.ytimg.com/vi/yVBqJp2UX9w/hqdefault.jpg,1103615,10679,2019-03-24T01:00:04Z,PT4M18S
24,1vu7f8pUGfU,UCNhofiqfw5nl-NeDJkXtPvw,약빤 것 같은 홀리 축제 체험하기 【유라시아24】,"이번편은 내용이 없네요
그냥 홀리 가따왔다구요 ㅎ
-------------------------------------------------------------------------
촬영장비
Gopro7
Lumix G85

마이크
없음(Gopro7)
-------------------------------------------------------------------------
BGM

Pyaar Karke Pachtaya Remix
원곡 - https://www.youtube.com/watch?v=QBvaNjkq_28
-------------------------------------------------------------------------",https://i.ytimg.com/vi/1vu7f8pUGfU/hqdefault.jpg,1407122,19251,2019-03-26T04:30:00Z,PT8M18S
25,EmW_EO5Fc-s,UCNhofiqfw5nl-NeDJkXtPvw,인도에서 빈대 물려서 병원 가보기 【유라시아25】,"사람 사는덴 다 독깠꾼!
-------------------------------------------------------------------------
촬영장비
Gopro7
Lumix G85

마이크
없음(Gopro7)
-------------------------------------------------------------------------
BGM

Kevin MacLeod - Parisian
https://www.youtube.com/watch?v=SWAEdFz2vrE

Kevin MacLeod - Baltic Levity
https://www.youtube.com/watch?v=PmtsH54Koaw

Kevin MacLeod - Bushwick Tarantella
https://www.youtube.com/watch?v=moaDKSCNh14

Kevin MacLeod - Monkeys Spinning Monkeys
https://www.youtube.com/watch?v=uXn-zOt68V8
-------------------------------------------------------------------------",https://i.ytimg.com/vi/EmW_EO5Fc-s/hqdefault.jpg,1605341,14722,2019-03-29T08:15:00Z,PT6M11S
26,SxJf4uT-A-w,UCNhofiqfw5nl-NeDJkXtPvw,네팔 국경에서 호객꾼 상대하기 【유라시아26】,"자본주의의 치열함
-------------------------------------------------------------------------
촬영장비
Gopro7
Lumix G85

마이크
없음(Gopro7)
-------------------------------------------------------------------------
BGM

Gandharbas & Their Melodies - Paani Dharako
https://www.youtube.com/watch?v=_31BDi-NRjs

Kevin MacLeod - Acid Jazz
https://www.youtube.com/watch?v=qsOdeodEC9c
-------------------------------------------------------------------------",https://i.ytimg.com/vi/SxJf4uT-A-w/hqdefault.jpg,958545,8891,2019-03-31T12:48:03Z,PT4M37S
27,vTdTftJtc7s,UCNhofiqfw5nl-NeDJkXtPvw,등산 싫어하는데 히말라야 가기 【유라시아27】,"산이 거기 있으니 가기가 싫다
-------------------------------------------------------------------------
촬영장비
Gopro7
Lumix G85

마이크
없음(Gopro7)
-------------------------------------------------------------------------
BGM

Gandharbas & Their Melodies - Resham Firiri
https://www.youtube.com/watch?v=_31BDi-NRjs

Doctor Turtle - Dead From The Beginning Alive Till The End
https://www.youtube.com/watch?v=xsRG5WvytFQ

Broke For Free - Warm Up Suit
https://www.youtube.com/watch?v=0ER-W66iKzM
-------------------------------------------------------------------------",https://i.ytimg.com/vi/vTdTftJtc7s/hqdefault.jpg,1676123,18781,2019-04-03T04:15:01Z,PT14M35S
28,bphnh9n43FE,UCNhofiqfw5nl-NeDJkXtPvw,지저분하고 정신없는 육로 국경 넘기 【유라시아28】,"현재 인도에서 심한 배탈이 나서 요양중입니다.
인도를 너무 얕봤습니다. 제송홥니다 껄껄껄

-------------------------------------------------------------------------
촬영장비
Gopro7
Lumix G85

마이크
없음(Gopro7)
-------------------------------------------------------------------------
BGM

Broke For Free - Warm Up Suit
https://www.youtube.com/watch?v=0ER-W66iKzM

Jahzzar - Fireworks
https://www.youtube.com/watch?v=FlV-4q8kytM
-------------------------------------------------------------------------",https://i.ytimg.com/vi/bphnh9n43FE/hqdefault.jpg,1188718,11769,2019-04-07T06:08:29Z,PT7M47S
29,z3inAVUbqTM,UCNhofiqfw5nl-NeDJkXtPvw,2500원짜리 인도 게스트하우스 후기 【유라시아29】,"너무 싸서 리뷰
디게 재밋게생겨서 리뷰
음악 구리게 넣은거 인정
-------------------------------------------------------------------------
촬영장비
Gopro7
Lumix G85

마이크
없음(Gopro7)
-------------------------------------------------------------------------
BGM

Kevin MacLeod - Double Polka
https://www.youtube.com/watch?v=qDEnfMmlpl8

Kevin MacLeod - Meanwhile in Bavaria
https://www.youtube.com/watch?v=qN7XSHjoY14

Kevin MacLeod - Poofy Reel
https://www.youtube.com/watch?v=52kQqlPNbaY
-------------------------------------------------------------------------",https://i.ytimg.com/vi/z3inAVUbqTM/hqdefault.jpg,1090412,10221,2019-04-09T07:30:05Z,PT8M23S
30,PEEYyRpV1bM,UCNhofiqfw5nl-NeDJkXtPvw,"인도에서 10,000원으로 하루 보내기 【유라시아30】","졌지만 잘싸웠다
그렇지 않나요오?
-------------------------------------------------------------------------
촬영장비
Gopro7
Lumix G85

마이크
없음(Gopro7)
-------------------------------------------------------------------------
BGM

Kevin MacLeod - Hyperfun
https://www.youtube.com/watch?v=mrIeuLfdt8c

Kevin MacLeod - Long Stroll
https://www.youtube.com/watch?v=smoFYdGXI4E

Kevin MacLeod - Electro Cabello
https://www.youtube.com/watch?v=-szSBNsNW8U&t=16s

Skipping in the No Standing Zone - Peter Gresser
https://www.youtube.com/watch?v=mNvVpohvGmk
-------------------------------------------------------------------------",https://i.ytimg.com/vi/PEEYyRpV1bM/hqdefault.jpg,2804782,26313,2019-04-12T08:30:00Z,PT14M17S
31,gvfJiv8zkOs,UCNhofiqfw5nl-NeDJkXtPvw,인도 극장에서 발리우드 영화 보기 【유라시아31】,"영화이름 - Kesari
-------------------------------------------------------------------------
촬영장비
Gopro7
Lumix G85

마이크
없음(Gopro7)
-------------------------------------------------------------------------
BGM

Bobbi. Brix - Tricky Boys
https://www.soundcloud.com/hornisback

Kevin MacLeod - Who Likes to Party
https://www.youtube.com/watch?v=49AiqH-DuR0&t=112s
-------------------------------------------------------------------------",https://i.ytimg.com/vi/gvfJiv8zkOs/hqdefault.jpg,1049630,11194,2019-04-14T20:24:48Z,PT7M56S
32,3MAnW-qUpLQ,UCNhofiqfw5nl-NeDJkXtPvw,생각보다 깨끗한 인도 경험하기 【유라시아32】,"댓글 남겨주시는 분들 재밌게 봐주시는 분들 항상 감사합니다
재미없으면 재미없다고 남겨주세요
건강한 비판은 영상이 발전하는데 아주 큰 도움이 됩니다

최근 배탈이 크게 한번 나서 영상 업로드가 조금 늦을수도 있습니다
식당에서 물한번 먹었는데 아래에서 화산터짐 ㅉ
-------------------------------------------------------------------------
촬영장비
Gopro7
Lumix G85

마이크
없음(Gopro7)
-------------------------------------------------------------------------
BGM

Kevin MacLeod - Cattails
https://www.youtube.com/watch?v=HVQVH6HCsw0&t=24s

Kevin MacLeod - Thief in the Night
https://www.youtube.com/watch?v=4in4zX6o4w0

Kevin MacLeod - Modern Jazz Samba
https://www.youtube.com/watch?v=9URK-qYWDvc&t=83s
-------------------------------------------------------------------------",https://i.ytimg.com/vi/3MAnW-qUpLQ/hqdefault.jpg,1843454,16983,2019-04-17T04:28:58Z,PT10M36S
33,GAulRT0042c,UCNhofiqfw5nl-NeDJkXtPvw,인도 시장에서 흥정하다가 목젖 잡히기 【유라시아33】,"필요한 물건을 쓸데없이 많이 비싸게 사기

다 올리고 보니까 오타가 난 자막이 몇군데 보이네요
몇개는 제 실수고 몇개는 진짜 제가 무식한거니까 
걍 그려러니 하시면 되겠습니다ㅎㅎ
-------------------------------------------------------------------------
촬영장비
Gopro7
Lumix G85

마이크
없음(Gopro7)
-------------------------------------------------------------------------
BGM

Kevin MacLeod - Waltz of Treachery
https://www.youtube.com/watch?v=ZguCjtYukAw

Kevin MacLeod - Winner Winner!
https://www.youtube.com/watch?v=RPMFKtMC-XQ

Kevin MacLeod - Disco con Tutti
https://www.youtube.com/watch?v=DrfDAL1azrQ

Kevin MacLeod - Disco Medusae
https://www.youtube.com/watch?v=4MF7mGpqkkA
-------------------------------------------------------------------------",https://i.ytimg.com/vi/GAulRT0042c/hqdefault.jpg,1527954,15422,2019-04-20T03:00:00Z,PT12M56S
34,Mh8I8TF7Ge4,UCNhofiqfw5nl-NeDJkXtPvw,인도 뭄바이 최대 슬럼가 방문 후기 【유라시아34】,"죄송요 이번편은 나 많이 진지합니다
고프로 카메라가 문제가 많아서 초반에 뿌옇습니다 진짜 빙신같은 카메라인데 다른 대안이 없네요

밑은 뭄바이 투어 가이드 정보입니다. 뭄바이에서 다라비 투어를 하고 싶으신 분들은 연락해보세요. 가격도 다른 곳에 비해 저렴한 700루피입니다.

Dharavi guide information

He is name ayan 
And he is very good tour guider, he guiding all Mumbai,  but he is special in dharavi,  because dharavi is ayan born place,. 
If u want to contact so u can call Or follow on Instagram

Instagram page, dharavislumtours_

Contact number
+917738509198

Facebook page, dharavi slum tours
-------------------------------------------------------------------------
촬영장비
Gopro7
Lumix G85

마이크
없음(Gopro7)
-------------------------------------------------------------------------
BGM

Kevin MacLeod - Somewhere Sunny
https://www.youtube.com/watch?v=6DaPOalnDDI
-------------------------------------------------------------------------",https://i.ytimg.com/vi/Mh8I8TF7Ge4/hqdefault.jpg,3100444,30249,2019-04-23T03:00:00Z,PT19M31S
35,uaBHe5P4JF8,UCNhofiqfw5nl-NeDJkXtPvw,인도 기차 1등칸 vs 중간칸 vs 꼴등칸 타보기 【유라시아35】,"인도 기차는 이 외에도 다양한 등급이 있습니다.
영상에 나온 기차등급이 전부가 아니니 여행하실 분들은 더 찾아보시고 안전한 여행이 되시길 바라겠습니다.
-------------------------------------------------------------------------
촬영장비
Gopro7
Lumix G85

마이크
없음(Gopro7)
-------------------------------------------------------------------------
BGM

Bobbi. Brix - Green
https://www.youtube.com/watch?v=pMmdh0pH08Q&t=16s

Bobbi. Brix - Alpha
https://www.soundcloud.com/hornisback
-------------------------------------------------------------------------",https://i.ytimg.com/vi/uaBHe5P4JF8/hqdefault.jpg,7285060,50616,2019-04-25T07:40:34Z,PT18M17S
36,WR0pN_qSbtM,UCNhofiqfw5nl-NeDJkXtPvw,영상 50도 인도 사막에서 길을 잃기 【유라시아36】,"참고로 자이살메르에서 낙타 사파리를 하면
도시에서부터 낙타를 타고 가는게 아니라
지프로 약 1시간에서 1시간 반을 이동한 후 안전한 곳에서부터 낙타를 타고 이동한다고 합니다.
이용에 착오 없으시길 바랍니다.

욕설은 제 실제 감정을 그대로 전달하고자 생략하지 않고 검열 처리 후 그대로 내보냈습니다. 
-------------------------------------------------------------------------
촬영장비
Gopro7
Lumix G85

마이크
없음(Gopro7)
-------------------------------------------------------------------------
BGM

Kevin MacLeod - Stringed Disco
https://www.youtube.com/watch?v=yB92M5vYN_Q

Kevin MacLeod - Desert City
https://www.youtube.com/watch?v=sE-G44FBe1Q

Kevin MacLeod - Jalandhar
https://www.youtube.com/watch?v=w6ncZRBurKk
-------------------------------------------------------------------------",https://i.ytimg.com/vi/WR0pN_qSbtM/hqdefault.jpg,1854213,22325,2019-04-29T03:50:12Z,PT14M18S
37,XXkzp3tpwB0,UCNhofiqfw5nl-NeDJkXtPvw,인도 요새 안에서 하루 보내기 【유라시아37】,"가끔은...나도 ....힐링을 한돠

좋은 기획(개빡센)있으시면 언제든지 댓글로 부탁드립니다
바로 합니다

아 다시는 술먹고 편집하면 안되겠다
-------------------------------------------------------------------------
촬영장비
Gopro7
Lumix G85

마이크
없음(Gopro7)
-------------------------------------------------------------------------
BGM

Bobbi. Brix - Green Frog
https://soundcloud.com/hornisback

Kevin MacLeod - Aurea Carmina
https://www.youtube.com/watch?v=L5gvjmTZMqM
-------------------------------------------------------------------------",https://i.ytimg.com/vi/XXkzp3tpwB0/hqdefault.jpg,1103859,12886,2019-05-02T16:17:08Z,PT9M17S
38,HFSSiJSmfDw,UCNhofiqfw5nl-NeDJkXtPvw,혼돈의 인도 델리 시장 산책하기 【유라시아38】,"인도에서 중국비자 받으려다 너무 복잡한 서류때문에 실패했습니다.
일단 파키스탄 가서 받으려고 하는데...중국에 거주하거나 업무, 유학등으로 장기로 계신 분들 계시면 도움 부탁드립니다 초청장이 필요하더군요 ㅜㅜ 

중국 하...
-------------------------------------------------------------------------
촬영장비
Gopro7
Lumix G85

마이크
없음(Gopro7)
-------------------------------------------------------------------------
BGM

Bobbi. Brix - Vacation
https://www.youtube.com/watch?v=BPf5MGb6vqU

Kevin MacLeod - Dirt Rhodes
https://www.youtube.com/watch?v=6ZOLljgNRHU
-------------------------------------------------------------------------",https://i.ytimg.com/vi/HFSSiJSmfDw/hqdefault.jpg,1295835,12909,2019-05-07T03:00:00Z,PT8M27S
39,Gapfe7nMrRE,UCNhofiqfw5nl-NeDJkXtPvw,뭔가 이상한 인도 명상 체험기 【유라시아39】,"신라면 진라면 짜파게티 먹고 십다
(영상 안에 오타가 몉개 잇읍니다 주이하십쇼)
-------------------------------------------------------------------------
촬영장비
Gopro7
Lumix G85

마이크
없음(Gopro7)
-------------------------------------------------------------------------
BGM

Kevin MacLeod - Bushwick Tarantella
https://www.youtube.com/watch?v=moaDKSCNh14

Kevin MacLeod - Local Forecast - Slower
https://www.youtube.com/watch?v=DKDCYNXtmfg

Kevin MacLeod - Thinking Music
https://www.youtube.com/watch?v=EKXhkvAVGQs
-------------------------------------------------------------------------",https://i.ytimg.com/vi/Gapfe7nMrRE/hqdefault.jpg,1065118,16777,2019-05-10T03:00:00Z,PT10M35S
40,KQR7kO2bin0,UCNhofiqfw5nl-NeDJkXtPvw,인도 갠지스강에서 힐링하기 【유라시아40】,"노로바이러스 걸려 아파서 죽다 살아났습니다

갑자기 구독자가 느니까 진짜 정신이 하나도 없네요.

인터넷 느린곳이라 확인도 일일이 못하고 죄송함돠
-------------------------------------------------------------------------
촬영장비
Gopro7
Lumix G85

마이크
없음(Gopro7)
-------------------------------------------------------------------------
BGM

Kevin MacLeod - Happy Alley
https://www.youtube.com/watch?v=Wj4iTdZIm9I&t=10s

Kevin MacLeod ~ Modern Jazz Samba
https://www.youtube.com/watch?v=9URK-qYWDvc&t=2s
-------------------------------------------------------------------------",https://i.ytimg.com/vi/KQR7kO2bin0/hqdefault.jpg,1041526,11449,2019-05-15T05:47:10Z,PT8M41S
41,gCCPuLHvJ8M,UCNhofiqfw5nl-NeDJkXtPvw,인도 지역 축제 가보기 【유라시아41】,"구독자가 갑자기 많이 늘어서 정신이 없습니다
오락가락하니 그냥 그려러니 해주세여

입주변에 옥수수 탄거 묻은거 이제봤네 ㅋ~ㅄ
-------------------------------------------------------------------------
촬영장비
Gopro7
Lumix G85

마이크
없음(Gopro7)
-------------------------------------------------------------------------
BGM

Kevin MacLeod - B-Roll
https://www.youtube.com/watch?v=UkM4A_GUuTo

Cho Brixx - Gamerz
(유튜브 미등록)
https://www.youtube.com/channel/UCJ-Q5uiqn8ycKEPzBxTOB0A/featured

Peter Gresser - Skipping in the No Standing Zone
https://www.youtube.com/watch?v=mNvVpohvGmk",https://i.ytimg.com/vi/gCCPuLHvJ8M/hqdefault.jpg,1075859,12648,2019-05-17T03:00:02Z,PT12M30S
42,R3fYW3XmTXU,UCNhofiqfw5nl-NeDJkXtPvw,인도 온천 가보기 【유라시아42】,"저기 카솔이란 곳이 인터넷이 엄청 느립니다
그래서 늦었습니다 ㅈㅅ
근데 여기도 느리네 와나


온천, 욕탕은 사전 확인 후 촬영하였습니다
라면먹고 배탈 안났습니다 맛도 괜찮았습니다
오타, 또는 잘못된 정보 수정 지적 받습니다
재생목록 순서 변경했는데 이게 낫나요? 확인점 부탁드림

또 뭐 없나? 크흠
-------------------------------------------------------------------------
촬영장비
Gopro7
Lumix G85

마이크
없음(Gopro7)
-------------------------------------------------------------------------
BGM

Kevin MacLeod - Poppers and Prosecco
https://www.youtube.com/watch?v=chG0tXqKC4U

Kevin MacLeod - Electro Cabello
https://www.youtube.com/watch?v=-szSBNsNW8U

Kevin MacLeod - Angevin B
https://www.youtube.com/watch?v=WXFLu-z2mi4",https://i.ytimg.com/vi/R3fYW3XmTXU/hqdefault.jpg,2539238,24569,2019-05-21T06:15:30Z,PT14M4S
43,dhvwe7w1Oj4,UCNhofiqfw5nl-NeDJkXtPvw,인도 안 티베트 도시 거닐기 【유라시아43】,"이번편은 삼삼한 맛
그리고 제 코 안에 코딱지가 있는것을 지금 발견함
우하하
-------------------------------------------------------------------------
촬영장비
Gopro7
Lumix G85

마이크
없음(Gopro7)
-------------------------------------------------------------------------
BGM
Kevin MacLeod - Gonna Start
https://www.youtube.com/watch?v=Ap151G6ZuE4

Kevin MacLeod - Hustle
https://www.youtube.com/watch?v=spcp4ueFfVY&t=8s

Kevin MacLeod - Dirt Rhodes
https://www.youtube.com/watch?v=6ZOLljgNRHU

Kevin MacLeod - No Good Layabout
https://www.youtube.com/watch?v=VPHxCLFhB7g&t=17s",https://i.ytimg.com/vi/dhvwe7w1Oj4/hqdefault.jpg,1750488,19448,2019-05-24T03:00:02Z,PT14M31S
44,cQpWck0Ku8k,UCNhofiqfw5nl-NeDJkXtPvw,인도 기차 불지옥 난이도 탑승기 【유라시아44】,"핑계 아니고 인터넷 증말 마이느려
영상 길게 올려달라는 요청이 많았습니다...ㅈㅅ
이 다음영상부터 길게 만들어볼꼐여

앞으로 간단한 공지나 영상 올리기 전에는 인스타그램으로 미리 알려드릴까합니다.
-------------------------------------------------------------------------
촬영장비
Gopro7
Lumix G85

마이크
없음(Gopro7)
-------------------------------------------------------------------------
BGM
Bobbi. Brix - Silver Univers
https://www.youtube.com/watch?v=3jaW3Gizvmw

Broke for Free - Warm up suit
https://www.youtube.com/watch?v=0ER-W66iKzM
-------------------------------------------------------------------------",https://i.ytimg.com/vi/cQpWck0Ku8k/hqdefault.jpg,1383829,17899,2019-05-27T16:39:58Z,PT10M32S
45,aBP5t0i9SHg,UCNhofiqfw5nl-NeDJkXtPvw,공짜로 먹여주고 재워주는 인도 사원 체험기 【유라시아45】,"초반에 카메라가 심하게 흔들리는 것은
고프로7가 자주 손떨방이 켜지지 않는 오류가 있어서 입니다.(제잘못아님)

주 2회 업로드를 목표로 하고 있으나 
여행 특성상 잘 지켜지지 않을 수도 있습니다.

빈대에 물렸을 때는 cetirizine이라는 약을 약국에서 구입하여 먹으면 가려움이 가라 앉는다고 해서 먹었더니 효과가 있습니다.

사원 음식을 먹고 배탈은 나지 않았습니다.
꽤 맛이 괜찮았습니다.

이제 1주일 정도 후면 키르키스탄에 갑니다.
얏호
-------------------------------------------------------------------------
촬영장비
Gopro7
Lumix G85

마이크
없음(Gopro7)
-------------------------------------------------------------------------
BGM
Kevin Macleod - East of tunesia
https://www.youtube.com/watch?v=0n1Mbh7--hI

Kevin MacLeod - Hustle
https://www.youtube.com/watch?v=spcp4ueFfVY

Jahzzar - Fireworks
https://www.youtube.com/watch?v=FlV-4q8kytM
-------------------------------------------------------------------------",https://i.ytimg.com/vi/aBP5t0i9SHg/hqdefault.jpg,4286623,40259,2019-05-30T03:00:03Z,PT20M33S
46,I4s7wulUAv8,UCNhofiqfw5nl-NeDJkXtPvw,인도-파키스탄 자존심 대결 국경 가보기 【유라시아46】,"결과는 시시했다?

짧은 영상이라 가볍게 올려봅니다
-------------------------------------------------------------------------
촬영장비
Gopro7
Lumix G85

마이크
없음(Gopro7)
-------------------------------------------------------------------------
BGM
Kevin Macleod - Guiton Sketch
https://www.youtube.com/watch?v=rH1q8BPAX9g

Kevin MacLeod - Snare Bounce Polka
https://www.youtube.com/watch?v=T_8-ZxS0Wd8
-------------------------------------------------------------------------",https://i.ytimg.com/vi/I4s7wulUAv8/hqdefault.jpg,1255679,13019,2019-06-01T03:00:00Z,PT7M28S
47,bs4Yh1RuUhM,UCNhofiqfw5nl-NeDJkXtPvw,인도에서 밥먹으러 돌아다니기 【유라시아47】,"아마 인도에서 올리는 마지막 영상이 되지 않을까 싶네요.
곧 키르키스스탄으로 넘어갑니다.

위의 음식들을 먹고 배탈은 나지 않았습니다.
아마 4개월의 여행으로 제 위장이 단련되었나 봄 ㅎㅎㅎ
촬영 장소는 Jama masjid라는 델리의 모스크 주변 길거리입니다.




님들은 인도까지 와서 치킨 찾지마시고
 한국에서 편하게 양념반 후라이드반 뜯으시길 바랍니다 
ㅎㅎㅎㅎㅎㅎㅎㅎㅎㅎㅎㅎㅎ
-------------------------------------------------------------------------
촬영장비
Gopro7
Lumix G85

마이크
없음(Gopro7)
-------------------------------------------------------------------------
BGM

Bobbi. Brix - Play ground
https://www.youtube.com/watch?v=3KDOzcRpqpA

Bobbi. Brix - Condition
https://www.youtube.com/watch?v=rQW_hLU0Jcw

Kevin Macleod - Plain Loafer
https://www.youtube.com/watch?v=wg1_ZSY5GDQ

Kevin Macleod - Brightly Fancy
https://www.youtube.com/watch?v=SGnaO4OOzso
-------------------------------------------------------------------------",https://i.ytimg.com/vi/bs4Yh1RuUhM/hqdefault.jpg,4506255,34494,2019-06-03T12:32:10Z,PT11M59S
48,B5oslQQGHqw,UCNhofiqfw5nl-NeDJkXtPvw,인도 5성급 호텔 가보기 【유라시아48】,"춘천 촌놈으로서 인생 처음이자 마지막이 될 5성급 호텔
촬영호텔은 델리의 Taj Palace입니다
정확히 174,000원 지불하였습니다

다시 한번 슈퍼챗 쏴주신 분들에게 감사드립니다.

근데 다음날 구독자분 따라서 갔던 뷔페 식당 호텔이 
같은 5성인데 훨씬 더좋았음 제기랄
-------------------------------------------------------------------------
촬영장비
Gopro7
Lumix G85

마이크
없음(Gopro7)
-------------------------------------------------------------------------
BGM

Kevin MacLeod - Life of Riley
https://www.youtube.com/watch?v=ywbN6YK0qus

Kevin MacLeod - Onion Capers
https://www.youtube.com/watch?v=JIZoZh1Z9ag

Kevin MacLeod - White
https://www.youtube.com/watch?v=UooM-ZFPfuw

Kevin MacLeod - Guts and Bourbon
https://www.youtube.com/watch?v=_qeAg1BO70k
--------------------------------------------------------------------------",https://i.ytimg.com/vi/B5oslQQGHqw/hqdefault.jpg,3102173,29266,2019-06-07T03:00:00Z,PT9M44S
49,opi3W8g6fuc,UCNhofiqfw5nl-NeDJkXtPvw,강제로 스탑오버 당하기 【유라시아49】,"그렇게 된겁니다.

예.ㅎㅎ








내일 올릴려다가 짧은 영상이라 그냥 오늘 올려버립니다.
그러니까 다음 영상은 좀 늦을겁니다 ㅎㅎ 그렇게 아십쇼!


머랭~
머랭쿠키~
엌ㅋㅋㅋ
-------------------------------------------------------------------------
촬영장비
Gopro7
Lumix G85

마이크
없음(Gopro7)
-------------------------------------------------------------------------
BGM

Kevin MacLeod - Poofy Reel
https://www.youtube.com/watch?v=52kQqlPNbaY
-------------------------------------------------------------------------",https://i.ytimg.com/vi/opi3W8g6fuc/hqdefault.jpg,1953568,20139,2019-06-08T14:29:35Z,PT9M25S
50,Xc7GIf5i_Ug,UCNhofiqfw5nl-NeDJkXtPvw,우즈베키스탄 시장 가보기 【유라시아50】,"잠깐 들린 우즈베키스탄

밭가는 김태희 소키우는 전지현 그만 물어보세요

저도 몰라요 ㅎ
-------------------------------------------------------------------------
촬영장비
Gopro7
Lumix G85

마이크
없음(Gopro7)
-------------------------------------------------------------------------
BGM

Bobbi. Brix - 매우펑키펑키!
(미등록곡)

Kevin Macleod - Dirty pong
(유튜브 주소 없음)

Kevin MacLeod - Derp Nugget
https://www.youtube.com/watch?v=2OC3ZThTXT4

Kevin MacLeod - Happy Alley
https://www.youtube.com/watch?v=Wj4iTdZIm9I
-------------------------------------------------------------------------",https://i.ytimg.com/vi/Xc7GIf5i_Ug/hqdefault.jpg,2009280,20433,2019-06-11T03:00:06Z,PT12M50S
51,XJRYx7RyvDY,UCNhofiqfw5nl-NeDJkXtPvw,키르기스스탄 놀이공원 가보기 【유라시아51】,"이번편은 특히 시끄럽고 특히 못생김

1주에 2업로드이니까 이번주 업로드 끄-읕

하 하 하
-------------------------------------------------------------------------
촬영장비
Gopro7
Lumix G85

마이크
없음(Gopro7)
-------------------------------------------------------------------------
BGM

Kevin MacLeod - Happy Happy Game Show
https://www.youtube.com/watch?v=OiclS7NS7hk

Kevin MacLeod - Waltz of the Carnies
https://www.youtube.com/watch?v=v9eYkw2NpEc

Kevin MacLeod - Waltz of Treachery
https://www.youtube.com/watch?v=ZguCjtYukAw

Kevin MacLeod - Tenebrous Brothers Carnival - Act Two
https://www.youtube.com/watch?v=rvWYfKRnWlk

Kevin MacLeod - Malt Shop Bop
https://www.youtube.com/watch?v=eH0g22fK1wg
-------------------------------------------------------------------------",https://i.ytimg.com/vi/XJRYx7RyvDY/hqdefault.jpg,1541603,20765,2019-06-13T03:00:02Z,PT13M54S
52,lbtGnrjZIHQ,UCNhofiqfw5nl-NeDJkXtPvw,중앙아시아 배낭 여행 일상 【유라시아52】,"가끔은 이런 순한맛의 영상도 보시기 바랍니다

맨날 매운거만 먹으면 위상함
-------------------------------------------------------------------------
촬영장비
Gopro7
Lumix G85

마이크
없음(Gopro7)
-------------------------------------------------------------------------
BGM

Bobbi. Brix - Time alwayz right
(유튜브 미등록)

Kevin MacLeod - No Good Layabout
https://www.youtube.com/watch?v=VPHxCLFhB7g

Kevin Macleod - Plain Loafer
https://www.youtube.com/watch?v=wg1_ZSY5GDQ

Kevin MacLeod - Hustle
https://www.youtube.com/watch?v=spcp4ueFfVY&t=6s
-------------------------------------------------------------------------",https://i.ytimg.com/vi/lbtGnrjZIHQ/hqdefault.jpg,2162488,21256,2019-06-16T08:02:01Z,PT11M52S
53,ATUJyZlKK08,UCNhofiqfw5nl-NeDJkXtPvw,키르기스스탄 초원에서 말 타보기 【유라시아53】,"공지 해드렸듯이 이 영상 이후로 
일주일정도 영상 업로드가 늦어질 것 같습니다.

이유는 제가 파미르 하이웨이라는 곳에 가는데 
그곳이 오지 느낌이 좀 있고
인터넷 상황이 열악할 것이라는 제 추측에 의해섭니다.

하지만 인터넷이 잘 된다면 영상을 올려보도록 하겠습니다.

그러니 일말의 희망을...!

룩스 ^^2
-------------------------------------------------------------------------
촬영장비
Gopro7
Lumix G85

마이크
없음(Gopro7)
-------------------------------------------------------------------------
BGM

Kevin Macleod - Almost bliss
(유튜브 미등록)

Kevin MacLeod - Galway
https://www.youtube.com/watch?v=feuzUeCmyaA
-------------------------------------------------------------------------",https://i.ytimg.com/vi/ATUJyZlKK08/hqdefault.jpg,1195399,15337,2019-06-20T05:31:50Z,PT10M56S
54,bBVMnsp_qzQ,UCNhofiqfw5nl-NeDJkXtPvw,중앙아시아 유목민 천막 가보기 【유라시아54】,"하드가 뻑나서 영상에서 못다한 이야기가 너무나 많습니다


- 탄다는 25살로 한국에서도 공부한 적 있는 엘리트다(?)

- 탄다는 저를 자기 가족이 있는 유르트에 데려오려고 했지만,
처음 만난 유르트 주인이 심-통을 부려서(환불 거절)실패했다

- 탄다 가족들은 나를 엄청 신기하게 생각해서 같이 노래 부르고 춤도 췄다(영상 다날아감)

- 탄다의 가족들은 저곳에 5일 묵는 중이었다

- 유르트와 컨테이너 박스 모두 생각보다 그렇게 춥지는 않았다

- 컨테이너 박스에서 잘때 쥐가 침낭 위를 왔다갔다 해서 2시간밖에 못잤다 그리고 내 빵을 아주 조금씩 갉아먹었다(그래서 다 버림) 


HDD는 기압의 변화에 약한가 봅니다 ^^
쉬벌 사람도 멀쩡한데 고작 기계따위가 고산병에 걸려??

노트북은 많은 분들이 계좌후원해주신 덕분에 무사히 잘 고쳤습니다
여러분의 후원 아주 올바른 곳에 잘 쓰였다는 점 알려드립니다 ^^2
영상을 못살린게 피토할만큼 안타까웠지만 
더이상의 미련은 버리기로 했습니다

남은 영상도 후딱 편집해서 올려보도록 하겠습니다
-------------------------------------------------------------------------
촬영장비
Gopro7
Lumix G85

마이크
없음(Gopro7)
-------------------------------------------------------------------------
BGM

Bobbi. Brix - Tricky Boys
https://soundcloud.com/hornisback/16tricky-boys

Bobbi. Brix - Alpha
(유튜브 미등록)

Monplaisir - Brother
(유튜브 미등록)

Chris Zabriskie - The Temperature of the Air on the Bow of the Kaleetan
https://www.youtube.com/watch?v=ujVvdZOgeJU

Jahzzar - So Easy
https://www.youtube.com/watch?v=jaE-T57UDwY
-------------------------------------------------------------------------",https://i.ytimg.com/vi/bBVMnsp_qzQ/hqdefault.jpg,1055229,16420,2019-06-26T22:02:52Z,PT9M19S
55,eY6MlrPypRo,UCNhofiqfw5nl-NeDJkXtPvw,포스트 아포칼립스 느낌나는 마을 가보기 【유라시아55】,"이번 영상도 날라간 부분이 많습니다.
요 영상을 마지막으로 다음부터는 멀쩡한 영상으로 찾아 뵙겠습니다

재밌는거 많았는데 ㅜㅜ
비하인드 얘기는 라이브때 썰이나 풀기로...

이번주에 영상 2개 올렸네 캬 ㄱㅇㄷ~
-------------------------------------------------------------------------
촬영장비
Gopro7
Lumix G85

마이크
없음(Gopro7)
-------------------------------------------------------------------------
BGM

Bobbi. Brix - Pigeon(Interlude)
https://soundcloud.com/hornisback/06pigeoninterlude?in=hornisback/sets/happiness-borderline-xbrix

Kevin MacLeod - Cattails
https://www.youtube.com/watch?v=HVQVH6HCsw0

Cash Cash - Overtime(트럭에서 틀었던 노래)
https://www.youtube.com/watch?v=85ftfVUTzM4
-------------------------------------------------------------------------",https://i.ytimg.com/vi/eY6MlrPypRo/hqdefault.jpg,1594725,18950,2019-06-28T03:00:02Z,PT11M52S
56,h_axWJW29SY,UCNhofiqfw5nl-NeDJkXtPvw,세계에서 두번째로 높은 도로 지나가기 【유라시아56】,"나의 노트북이 망가진 그곳입니다

저는 주 2회 업로드를 지향하지만 잘 안될때도 있답니다

아...그렇군요

네네
-------------------------------------------------------------------------
촬영장비
Gopro7
Lumix G85

마이크
없음(Gopro7)
-------------------------------------------------------------------------
BGM

Bobbi. Brix - Pigeoness
https://soundcloud.com/hornisback/07pigeoness?in=hornisback/sets/happiness-borderline-xbrix

Bobbi. Brix - Dreamin
(유튜브 미등록)

Jahzzar - Please Listen Carefully
https://www.youtube.com/watch?v=GGVFRIgP7uc
-------------------------------------------------------------------------",https://i.ytimg.com/vi/h_axWJW29SY/hqdefault.jpg,1466525,15475,2019-07-01T03:00:06Z,PT11M41S
57,Nu1_iYbeIns,UCNhofiqfw5nl-NeDJkXtPvw,타지키스탄 방사능 온천 가보기 【유라시아57】,"3일이 지난 지금, 몸에 별 이상은 없습니다
머리도 평소 빠지는 것 만큼 빠집니다
제가 호들갑 떤 것 마냥 유해한 온천은 아닌 것 같습니다
애초에 그거 한번 담갔다고 아프면 그동안 저기를 갔던 사람들은...

아니면 누-카 콜라를 마셔서 괜찮은 걸지도?

라돈의 위험성 - 갓무위키
https://namu.wiki/w/%EB%9D%BC%EB%8F%88

새나토리움(Sanatorium) - 위키피디아(영문)
https://en.wikipedia.org/wiki/Sanatorium_(resort)
-------------------------------------------------------------------------
촬영장비
Gopro7
Lumix G85

마이크
없음(Gopro7)
-------------------------------------------------------------------------
BGM

Bobbi. Brix - Funk Driver
https://www.youtube.com/watch?v=AW81Rkqz3u8

Kevin Macleod - Onion Capers
https://www.youtube.com/watch?v=JIZoZh1Z9ag&t=45s

Kevin MacLeod - Bummin on Tremelo
https://www.youtube.com/watch?v=n4qcb5nvX7c
-------------------------------------------------------------------------",https://i.ytimg.com/vi/Nu1_iYbeIns/hqdefault.jpg,2742370,25909,2019-07-04T03:00:00Z,PT11M43S
58,OI5Mb5AugLM,UCNhofiqfw5nl-NeDJkXtPvw,실크로드의 고독한 육식가 【유라시아58】,"나는 우즈베키스탄 인터넷회사의 목젖을 마구 때리고 십슾니다
이 업로드는 10시간이 소요 되었습니다 (중간에 정전2시간 포함)




[영상에 나온 부대찌개 레시피]

빻은 마늘 대충 1.2스푼
채썬 양파 대충 1접시
라면스프 1개
양고기 소시지 대충 0.9개
고추장 대충 0.7스푼
쪽파 대충 1웅큼
쌀뜨물 대충 1접시
우즈베키스탄 수돗물 대충 2컵
신라면 건면
-------------------------------------------------------------------------
촬영장비
Gopro7
Lumix G85

마이크
없음(Gopro7)
-------------------------------------------------------------------------
BGM

Kevin MacLeod - Your Call
https://www.youtube.com/watch?v=yrFkix6A6tc

Kevin MacLeod - Sweeter Vermouth
https://www.youtube.com/watch?v=z9e-gmR3ylA

Kevin MacLeod - Shades of Spring
https://www.youtube.com/watch?v=37qwzT_lWnk

Kevin MacLeod - Celebration
https://incompetech.filmmusic.io/song/5051-celebration/
-------------------------------------------------------------------------",https://i.ytimg.com/vi/OI5Mb5AugLM/hqdefault.jpg,2372388,24475,2019-07-08T15:25:56Z,PT9M52S
59,Y6kjbie-VvM,UCNhofiqfw5nl-NeDJkXtPvw,전형적인 관광지에서 실망하기 【유라시아59】,"히바는 멋진 우즈베키스탄의 도시입니다
다만 제가 박물관 같은것에 무지해서 관심이 없었을 뿐
물가만 조금 저렴했다면 참 좋았을텐데

저 수박 이틀 내내 먹었는데도 다 못먹음
수박혐오증 걸리겠음 너무 커
-------------------------------------------------------------------------
촬영장비
Gopro7
Lumix G85

마이크
없음(Gopro7)
-------------------------------------------------------------------------
BGM

Kevin MacLeod - Sidewalk Shade
https://www.youtube.com/watch?v=sZ01CdmdKfw

Kevin MacLeod - Modern Jazz Samba
https://www.youtube.com/watch?v=9URK-qYWDvc

Bobbi. brix - KAWAI
https://soundcloud.com/hornisback
-------------------------------------------------------------------------",https://i.ytimg.com/vi/Y6kjbie-VvM/hqdefault.jpg,1090596,13347,2019-07-11T03:00:02Z,PT9M57S
60,L4sX0Nbv2ww,UCNhofiqfw5nl-NeDJkXtPvw,말라버린 바다 아랄해 가보기 【유라시아60】,"태국 폐허 이후로 오랜만의 폐허 시리즈
나는 폐허를 좋아합니다
-------------------------------------------------------------------------
촬영장비
Gopro7
Lumix G85

마이크
없음(Gopro7)
-------------------------------------------------------------------------
BGM

Kevin MacLeod - Groove Grove
https://www.youtube.com/watch?v=RGemMIzlS_U

Kevin MacLeod - Who Likes to Party
https://www.youtube.com/watch?v=49AiqH-DuR0
-------------------------------------------------------------------------",https://i.ytimg.com/vi/L4sX0Nbv2ww/hqdefault.jpg,1354733,16048,2019-07-14T23:00:02Z,PT9M44S
61,wlPwckn1xCE,UCNhofiqfw5nl-NeDJkXtPvw,투르크메니스탄 지옥의 문 가보기 【유라시아61】,"늦은 이유

1. 투르크메니스탄에서 인터넷이 안됨(하루 2만원 달라 함)
2. 투르크메니스탄 비자는 5일인데 그 와중에 2일은 배타는데 써야함 영상 편집 할 시간따위가 없었심

막상 써보니 핑계가 좀 부족하네

저 그리고 게임 추천좀

조건
1. 스팀게임이면 좋음, 싱글 위주 게임(멀티는 당연히 좀 그럼)
2. 비교적 저사양이어야 함(엔터더건전 최하옵해야 프레임안떨어짐)
3. 컨트롤을 요하지 않는 턴제일수록 좋음(다키스트 던전같은거)

추천 부탁드립니다 ^^
-------------------------------------------------------------------------
촬영장비
Gopro7
Lumix G85

마이크
없음(Gopro7)
-------------------------------------------------------------------------
BGM

Kevin Macleod - Backed vibes clean
https://www.youtube.com/watch?v=ktukqussqNE

Kevin Macleod - Brightly fancy
https://www.youtube.com/watch?v=SGnaO4OOzso&t=2s

Doctor turtle - Todays special jam tomorrow
https://www.youtube.com/watch?v=Bpe3ySPw7tM

Chris Zabriskie - Air hockey saloon
https://www.youtube.com/watch?v=-NEsfl50G7s
-------------------------------------------------------------------------",https://i.ytimg.com/vi/wlPwckn1xCE/hqdefault.jpg,2216748,25822,2019-07-20T07:30:02Z,PT12M33S
62,OvdmFjmCL5U,UCNhofiqfw5nl-NeDJkXtPvw,독재자가 꾸민 이상한 도시 가보기 【유라시아62】,"썬크림이 덕지덕지 발린 이유 - 거울 안보고 발라서


나중에 투르크메니스탄 사람 만나서 이것저것 물어봄

사람이 없는건 그냥 투르크메니스탄에 인구가 별로 없어서(약 6백만)
그리고 외국인은 밤 9시 이후에는 바깥 출입이 금지된다고 함
(난 일찍 들어가서 디아블로 2해서 몰랐음)
젊은 투르크메니스탄인은 아시가바트 공항에서 외국으로 출국할 수 없다고 함
정부에 대해 안좋은 얘기를 하면 감옥에 끌려가고 거기서 평생 썩을수도 있다고 함 그래서 비판을 못한다고 함
카메라는 경찰 안보일때만 꺼내서 찍음ㅋ
이번 투르크메니스탄 여행에서 나는 여러모로 참 운이 좋았던 듯
-------------------------------------------------------------------------
촬영장비
Gopro7
Lumix G85

마이크
없음(Gopro7)
-------------------------------------------------------------------------
BGM

Kevin MacLeod - Dances and Dames
https://www.youtube.com/watch?v=x5H-yCnuQ04

Kevin MacLeod - Android Sock Hop
https://www.youtube.com/watch?v=rkcDXXsTyNo

Kevin MacLeod - Vegas Glitz
https://www.youtube.com/watch?v=hAC41w3i-VA

Kevin MacLeod - Parisian
https://www.youtube.com/watch?v=SWAEdFz2vrE
-------------------------------------------------------------------------",https://i.ytimg.com/vi/OvdmFjmCL5U/hqdefault.jpg,3747559,43601,2019-07-21T22:00:04Z,PT12M23S
63,U8SreRvFs18,UCNhofiqfw5nl-NeDJkXtPvw,투르크메니스탄 탈출기 【유라시아63】,"10만명 감사합니다
이제 캅카스 거쳐 중동으로 향합니다
-------------------------------------------------------------------------
촬영장비
Gopro7
Lumix G85

마이크
없음(Gopro7)
-------------------------------------------------------------------------
BGM

Bobbi. Brix - D-Press
https://soundcloud.com/hornisback/04d-press?in=hornisback/sets/happiness-borderline-xbrix

Jahzzar - Birthday Cake
https://www.youtube.com/watch?v=5Lvw-vof3IY

Kevin MacLeod - Shades of Spring
https://www.youtube.com/watch?v=37qwzT_lWnk&t=18s

Kevin MacLeod - Vegas Glitz
https://www.youtube.com/watch?v=hAC41w3i-VA
-------------------------------------------------------------------------",https://i.ytimg.com/vi/U8SreRvFs18/hqdefault.jpg,1872141,23157,2019-07-25T03:00:00Z,PT10M26S
64,OclURaizYmA,UCNhofiqfw5nl-NeDJkXtPvw,불의 나라 아제르바이잔 둘러보기 【유라시아64】,"이번 영상은 너무 생각없이 찍다보니 두서도 없었고
바람이 미친듯이 부는데 목소리도 크게 안해서 목소리도 안들리는등
영상이 엉망진창입니다
죄송합니다
(광고는 다시 넣었습니다 이미 다 보셨기때문에)
-------------------------------------------------------------------------
촬영장비
Gopro7
Lumix G85

마이크
없음(Gopro7)
-------------------------------------------------------------------------
BGM

Kevin MacLeod - Shades of Spring
https://www.youtube.com/watch?v=37qwzT_lWnk&t=18s

Kevin MacLeod - Plain Loafer
https://www.youtube.com/watch?v=wg1_ZSY5GDQ&t=15s

Kevin MacLeod - Master of the Feast
https://www.youtube.com/watch?v=JpJ8vxRAJkY&t=21s

Kevin MacLeod - I Knew a Guy
https://www.youtube.com/watch?v=MTkAwk6mnD0
-------------------------------------------------------------------------",https://i.ytimg.com/vi/OclURaizYmA/hqdefault.jpg,1549216,16247,2019-07-29T03:00:01Z,PT8M49S
65,k-Ld-Qb3TUY,UCNhofiqfw5nl-NeDJkXtPvw,아제르바이잔 석유 목욕 해보기 【유라시아65】,"저작권 문제로 영상 후반부의 소리를 음소거 했습니다

많은 양해 부탁드립니다
-------------------------------------------------------------------------
촬영장비
Gopro7
Lumix G85

마이크
없음(Gopro7)
-------------------------------------------------------------------------
BGM

Kevin MacLeod - George Street Shuffle
https://www.youtube.com/watch?v=gBN4UF4sLuA

Suburbs Of Moscow - 1
https://youtu.be/ZdZAx6UDPBU
-------------------------------------------------------------------------",https://i.ytimg.com/vi/k-Ld-Qb3TUY/hqdefault.jpg,2103807,22748,2019-07-30T09:26:54Z,PT13M30S
66,Zb-Sbv1tO2U,UCNhofiqfw5nl-NeDJkXtPvw,조지아 음식 찾아 헤매기 【유라시아66】,"짜
-------------------------------------------------------------------------
촬영장비
Gopro7
Lumix G85

마이크
없음(Gopro7)
-------------------------------------------------------------------------
BGM

Kevin MacLeod and Bryan Teoh - Secret of Tiki Island
https://www.youtube.com/watch?v=5oTy1cHnrUU

Kevin MacLeod - On the Ground
https://www.youtube.com/watch?v=1T2Irrk9NNE

Kevin MacLeod - Leopard Print Elevator
https://www.youtube.com/watch?v=IiuoR2R9LC8

Kevin MacLeod - Funk Game Loop
https://www.youtube.com/watch?v=bMgaKGHRm5s
-------------------------------------------------------------------------",https://i.ytimg.com/vi/Zb-Sbv1tO2U/hqdefault.jpg,2094664,20307,2019-08-03T06:00:04Z,PT12M27S
67,81ZdsTII6ao,UCNhofiqfw5nl-NeDJkXtPvw,조지아 목욕탕 가본 후기 【유라시아67】,"이번주는 영상이 하나입니다
그래서 여러분의 반발을 막기 위해서
재미없어서 안쓰려고 묵혀둔 짧은 영상 하나를 꺼내 올립니다.

터키가면 이런 목욕탕 수두룩 하다네요
-------------------------------------------------------------------------
촬영장비
Gopro7
Lumix G85

마이크
없음(Gopro7)
-------------------------------------------------------------------------
BGM

Kevin MacLeod - Android Sock Hop
https://www.youtube.com/watch?v=rkcDXXsTyNo&t=170s

Barbarian - Pierlo
https://www.youtube.com/watch?v=GdWYyqk6pjA
-------------------------------------------------------------------------",https://i.ytimg.com/vi/81ZdsTII6ao/hqdefault.jpg,1077630,13281,2019-08-07T23:00:00Z,PT6M12S
68,i45w-WyNeUM,UCNhofiqfw5nl-NeDJkXtPvw,조지아 폐광 도시 가보기 【유라시아68】,"데피아즈단 없었다
-------------------------------------------------------------------------
촬영장비
Gopro7
Lumix G85

마이크
없음(Gopro7)
-------------------------------------------------------------------------
BGM

Bobbi.brix - Alpha
https://soundcloud.com/hornisback

Kevin MacLeod - Ultralounge
https://www.youtube.com/watch?v=u6xxVYVl0Nk

Kevin Macleod - Midnight Tale
https://www.youtube.com/watch?v=VNctLX9oOJc

Kevin MacLeod - Deuces
https://www.youtube.com/watch?v=A-GVLzmgiEI

Kevin MacLeod - Angevin B
https://www.youtube.com/watch?v=WXFLu-z2mi4
-------------------------------------------------------------------------",https://i.ytimg.com/vi/i45w-WyNeUM/hqdefault.jpg,1091112,13389,2019-08-07T05:00:03Z,PT11M47S
69,6s36PtDh2cU,UCNhofiqfw5nl-NeDJkXtPvw,터키 육로 국경 넘기 【유라시아69】,"터키 사람들 친절한것 같음

이번주부터 터키의 추석인 바이람 시작이어서 9일을 논다는데 걱정이 너무 많음

터키에 사는 친척분 계시면 연락바랍니다 제사지내러 감
-------------------------------------------------------------------------
촬영장비
Gopro7
Lumix G85

마이크
없음(Gopro7)
-------------------------------------------------------------------------
BGM

Jahzzar - Seas of Mars
https://www.youtube.com/watch?v=9Me_KNMDfXY

Bobbi.brix - Grey Pouder
https://soundcloud.com/hornisback/sets/happiness-borderline-xbrix
-------------------------------------------------------------------------",https://i.ytimg.com/vi/6s36PtDh2cU/hqdefault.jpg,1749930,18941,2019-08-12T03:00:01Z,PT11M12S
70,0b6ER3FyMLc,UCNhofiqfw5nl-NeDJkXtPvw,터키 원조 닥터피쉬 온천 가보기 【유라시아70】,"닥터피쉬 온천 주소 : https://goo.gl/maps/DkP3yLuHTeFGQCcM9
닥터피쉬 온천 사이트 : http://www.kangalbaliklikaplicasi.com.tr
꿈에 나온 식당(이태원 카메이자카야) : https://goo.gl/maps/Syi3tAWEeQHw7Cjb9

오늘은 광복절이네요
휴일이니만큼 저도 오늘 하루는 롤토체스에 빠져봅니다

온천 컬렉션 만드는 중 (4/6)
-------------------------------------------------------------------------
촬영장비
Gopro7
Lumix G85

마이크
없음(Gopro7)
-------------------------------------------------------------------------
BGM

Jahzzar - Lift off
https://www.youtube.com/watch?v=PMN2-Pd86mM

Jahzzar - Blueprint
https://soundcloud.com/jahzzar/blueprint
-------------------------------------------------------------------------",https://i.ytimg.com/vi/0b6ER3FyMLc/hqdefault.jpg,3112380,36670,2019-08-15T04:07:59Z,PT17M19S
71,Y3mlZBcUNGo,UCNhofiqfw5nl-NeDJkXtPvw,카파도키아 돌아다니기 【유라시아71】,"오토바이는 아마 그리스?에서 살까 하는데
그리스 물가가 비쌀려나 어쩔려나 모르겠네유
터키는 물가가 너무 비싸서 포기
중고 100만원 달라해서리
-------------------------------------------------------------------------
촬영장비
Gopro7
Lumix G85

마이크
없음(Gopro7)
-------------------------------------------------------------------------
BGM

Jahzzar - No-End Ave
https://www.youtube.com/watch?v=FyvDxVXfFVw
-------------------------------------------------------------------------",https://i.ytimg.com/vi/Y3mlZBcUNGo/hqdefault.jpg,1548722,21372,2019-08-19T03:00:02Z,PT12M47S
72,osFWBHsR0go,UCNhofiqfw5nl-NeDJkXtPvw,이스탄불 먹방 기행 【유라시아72】,"터키나라 케밥공주
아 부대찌개 먹고싶다


터키에서 먹었는데 못찍은 음식들

항아리 케밥 - 터키에서 먹은것중에 제일 맛있었는데 그때 비가 너무 와서 시끄러워서 못찍음 깨진 항아리조각이 국물에 들어가는게 단점

퀴네페 카페 - 터키의 디저트들. 베자 커플이랑 가서 먹었는데 달아도 너무 달음
살면서 처음으로 이거먹느니 불닭볶음면 먹는게 낫다 싶을정도로 달았고 식사후 두통과 구역질이 남(농담아님) 혀가 얼얼할 정도
-------------------------------------------------------------------------
촬영장비
Gopro7
Lumix G85

마이크
없음(Gopro7)
-------------------------------------------------------------------------
BGM

구독자 박훈진님 - House 3
https://youtu.be/0gzlazugLJ4
음악 제공 감사합니다

Kevin MacLeod - Barroom Ballet
https://www.youtube.com/watch?v=nmJ-Ww84RAE

Kevin MacLeod - Breaktime
https://www.youtube.com/watch?v=pSGa0Ufo-1w

Kevin MacLeod - Five Card Shuffle
https://www.youtube.com/watch?v=Ld17ZTgzW-M

Kevin MacLeod - Merry Go Slower
https://www.youtube.com/watch?v=VqinShcH20s

Kevin MacLeod - Onion Capers
https://www.youtube.com/watch?v=JIZoZh1Z9ag&t=49s

Kevin MacLeod - Opportunity Walks
https://www.youtube.com/watch?v=tB32VVjornQ
-------------------------------------------------------------------------",https://i.ytimg.com/vi/osFWBHsR0go/hqdefault.jpg,3245269,29098,2019-08-25T00:00:10Z,PT13M26S
73,kiNa5m6w58g,UCNhofiqfw5nl-NeDJkXtPvw,이스탄불 바자르 흥정기 【유라시아73】,"참세 - 비둘기 드립입니다
어허이 이사람들

이스탄불 생각보다 멋있는 도시네요
-------------------------------------------------------------------------
촬영장비
Gopro7
Lumix G85

마이크
없음(Gopro7)
-------------------------------------------------------------------------
BGM

Jahzzar - No Control
https://www.youtube.com/watch?v=wAiatba_B6o

Kevin MacLeod - Deuces
https://www.youtube.com/watch?v=A-GVLzmgiEI
-------------------------------------------------------------------------",https://i.ytimg.com/vi/kiNa5m6w58g/hqdefault.jpg,1050191,13179,2019-08-27T03:00:19Z,PT11M44S
74,AJ0SUOLwIgM,UCNhofiqfw5nl-NeDJkXtPvw,이스탄불 바다에서 어업활동하기 【유라시아74】,"이스탄불 끝입니다

홍합 취식후 다행히 아무일도 일어나지 않았습니다
그 홍합에 들어있던 작은 알갱이들은 아무리 생각해도 플라스틱 농축인것 같은데...
똥으로 나왔겠지 머
-------------------------------------------------------------------------
촬영장비
Gopro7
Lumix G85

마이크
없음(Gopro7)
-------------------------------------------------------------------------
BGM

Jahzzar - Boulevard St Germain
https://www.youtube.com/watch?v=UosZ-1Gg7sA

Jahzzar - Get out
https://soundcloud.com/jahzzar/get-out

Kevin MacLeod - Fiddles McGinty
https://www.youtube.com/watch?v=_3gRmK-7LCk

Kevin MacLeod - Brightly Fancy
https://www.youtube.com/watch?v=SGnaO4OOzso&t=10s
-------------------------------------------------------------------------",https://i.ytimg.com/vi/AJ0SUOLwIgM/hqdefault.jpg,1058242,13942,2019-08-30T03:00:00Z,PT10M56S
75,yBrzR6R_fFw,UCNhofiqfw5nl-NeDJkXtPvw,이상한 폐허 보러 터키 시골 가보기 【유라시아75】,"업로드 20시간 걸렸습니다
이런 고충을 알아달라~ 이말입니다~



그와중에 롤토체스함(핑 2000ms)
-------------------------------------------------------------------------
촬영장비
Gopro7
Lumix G85

마이크
없음(Gopro7)
-------------------------------------------------------------------------
BGM

Jahzzar - Venus
https://www.youtube.com/watch?v=sooic70cQ1U

Jahzzar - Roads that burned our boots
https://www.youtube.com/watch?v=77lCxnchyHg

Kevin MacLeod - Barroom Ballet
https://www.youtube.com/watch?v=nmJ-Ww84RAE

Kevin MacLeod - Fiddles McGinty
https://www.youtube.com/watch?v=_3gRmK-7LCk

Kevin Macleod - Brightly Fancy
https://www.youtube.com/watch?v=SGnaO4OOzso
-------------------------------------------------------------------------",https://i.ytimg.com/vi/yBrzR6R_fFw/hqdefault.jpg,1646186,20846,2019-09-03T11:00:09Z,PT14M1S
76,u-mPYx468N0,UCNhofiqfw5nl-NeDJkXtPvw,터키에서 정처없이 떠돌기 【유라시아76】,"33세
찐풍노도의 시기
-------------------------------------------------------------------------
촬영장비
Gopro7
Lumix G85

마이크
없음(Gopro7)
-------------------------------------------------------------------------
BGM

Bobbi. Brix - Pigeoness
https://soundcloud.com/hornisback/07pigeoness

Jahzzar - I need
https://www.youtube.com/watch?v=Mzvr-FLUosk

Doctor Turtle - Clusticus The Mistaken
https://www.youtube.com/watch?v=6ZlfRtrtpw0

Kevin MacLeod - No Good Layabout
https://www.youtube.com/watch?v=VPHxCLFhB7g&t=33s
-------------------------------------------------------------------------",https://i.ytimg.com/vi/u-mPYx468N0/hqdefault.jpg,1453074,17634,2019-09-07T03:00:05Z,PT11M9S
77,RQlMPeLH9eg,UCNhofiqfw5nl-NeDJkXtPvw,바다에 잠긴 유적지 가보기 【유라시아77】,"터키 끝입니다
다음은 키프로스 지나 이스라엘입니다
터키는 가족이랑 나중에 한번 더 오고싶은 곳이네요

제가 갔던 유적지에 대한 자세한 정보는 이 사이트에서 확인하세요(영문)
https://www.atlasobscura.com/places/kekova-island-sunken-ruins
-------------------------------------------------------------------------
촬영장비
Gopro7
Lumix G85

마이크
없음(Gopro7)
-------------------------------------------------------------------------
BGM

구독자 cica_y님 - Mambo strut in the Rain
(음악 보내주셔서 감사드립니다)

Bobbi Brix - 피노키오
https://www.youtube.com/watch?v=CHb6h3GsR10&t=1s

Jahzzar - Where it goes
https://www.youtube.com/watch?v=5Y_hNfLwxF4

Gillicuddy - Ferns and Cork
https://www.youtube.com/watch?v=Rxf-d0MotIk
-------------------------------------------------------------------------",https://i.ytimg.com/vi/RQlMPeLH9eg/hqdefault.jpg,1671660,20720,2019-09-10T23:00:03Z,PT11M9S
78,rqGeC3l9Bkk,UCNhofiqfw5nl-NeDJkXtPvw,분단국가 키프로스 가보기 【유라시아78】,"군인이 비디오 찍는거 볼때마다 깜짝깜짝 놀랐는데
정작 군인 경찰들은 소가 닭보듯 함

넷플릭스한테 한번 털린 이후로는 그냥 내려놓은걸지도...?

디테일한 내용을 알고싶으신 분들은
넷플릭스의 다크 투어리스트라는 프로그램을 추천드립니다
-------------------------------------------------------------------------
촬영장비
Gopro7
Lumix G85

마이크
없음(Gopro7)
-------------------------------------------------------------------------
BGM

Kevin MacLeod - Umbrella Pants
https://www.youtube.com/watch?v=dvdqQ9yRNGc

Kevin MacLeod - Laid Back Guitars
https://www.youtube.com/watch?v=wU81WFTZk6Q
-------------------------------------------------------------------------",https://i.ytimg.com/vi/rqGeC3l9Bkk/hqdefault.jpg,1509530,18052,2019-09-17T03:00:03Z,PT11M6S
79,n5ruszJoz5Y,UCNhofiqfw5nl-NeDJkXtPvw,빡쎈 이스라엘 물가 체험기 【유라시아79】,"나무위키에서 위키디피아로 갈아탑니다



이날의 가계부
--------------------------------------------------
숙박비 52세켈 (18,800원)

공항에서 시내 15분짜리 기차 13세켈 (4,800원)

미니버스 11세켈 (3,900원)

후무스 식당 35세켈 (12,400원)

물 5세켈 (1,700원)

맥주 9세켈 (3,200원)

컵라면 3개 13세켈 (4,600원)
--------------------------------------------------
합계 49,500원
--------------------------------------------------

과소비한거 아닌데 쥰내 억울합니다


후무스(Hummus)
https://ko.wikipedia.org/wiki/%ED%9B%84%EB%AC%B4%EC%8A%A4

팔라펠(Falafel)
https://ko.wikipedia.org/wiki/%ED%8C%94%EB%9D%BC%ED%8E%A0
-------------------------------------------------------------------------
촬영장비
Gopro7
Lumix G85

마이크
없음(Gopro7)
-------------------------------------------------------------------------
BGM

Bobbi. Brix - Funky Style
https://soundcloud.com/hornisback

Jahzzar - Silver
https://www.youtube.com/watch?v=OuMFzG-DArY

Kevin MacLeod - Fiddles McGinty
https://www.youtube.com/watch?v=_3gRmK-7LCk

Kevin MacLeod - Fuzzball Parade
https://www.youtube.com/watch?v=En_yCnZv1EU

Kevin MacLeod - Hustle
https://www.youtube.com/watch?v=spcp4ueFfVY&t=41s
-------------------------------------------------------------------------",https://i.ytimg.com/vi/n5ruszJoz5Y/hqdefault.jpg,2148797,21536,2019-09-21T03:00:06Z,PT10M29S
80,77hgcPG1Osw,UCNhofiqfw5nl-NeDJkXtPvw,예루살렘 셀카 여행기 【유라시아80】,"영상에 중간중간 오류가 있네요(ex. 월드맵 위치)
똥컴이 이제 한계에 다다르나 보네요




아픈것은 다 나았습니다
10시간씩 매일 꾸준한 숙면중
-------------------------------------------------------------------------
촬영장비
Gopro7
Lumix G85

마이크
없음(Gopro7)
-------------------------------------------------------------------------
BGM

Kevin MacLeod - Cuban Sandwich
https://www.youtube.com/watch?v=r-o2AR-PjOA
-------------------------------------------------------------------------",https://i.ytimg.com/vi/77hgcPG1Osw/hqdefault.jpg,1681465,17392,2019-09-25T03:00:02Z,PT10M35S
81,I7iwkfMpmNk,UCNhofiqfw5nl-NeDJkXtPvw,문제의 땅 팔레스타인 가보기 【유라시아81】,"이해를 돕기 위해서는 이스라엘 건국 과정과 중동 정세에 대한 배경지식이 있어야 하는데 제가 설명이 많이 부족했네요

잘 알지도 못하는 놈이 어설프게 누구를 가르치는건 아닌 것 같아 그냥 러프하게 보여드리는게 낫겠다 싶었습니다.

다른 유튜버 분들의 이스라엘, 팔레스타인 갈등 관련 영상을 참고하시면 좋을 것 같습니다.

이번 영상에는 댓글에 하트를 누르지 않겠습니다.
-------------------------------------------------------------------------
촬영장비
Gopro7
Lumix G85

마이크
없음(Gopro7)
-------------------------------------------------------------------------
BGM

Kevin MacLeod - Cool Vibes
https://www.youtube.com/watch?v=GY398jlSJmg

Kevin MacLeod - Fiddles McGinty
https://www.youtube.com/watch?v=_3gRmK-7LCk

Jahzzar - Flaw

-------------------------------------------------------------------------",https://i.ytimg.com/vi/I7iwkfMpmNk/hqdefault.jpg,2323162,25788,2019-09-30T03:00:00Z,PT12M33S
82,kSbSCNzNAIM,UCNhofiqfw5nl-NeDJkXtPvw,이스라엘 사해 방랑기 【유라시아82】,"사해 들어가면 똥꼬가 쓰랄임(Horde)
-------------------------------------------------------------------------
촬영장비
Gopro7
Lumix G85

마이크
없음(Gopro7)
-------------------------------------------------------------------------
BGM

Bobbi Brix - ISOLE
https://www.youtube.com/watch?v=tVjaG6W49oY

Jahzzar - Get out
https://www.youtube.com/watch?v=0SjmXjIVosk

Jahzzar - MainSquare
https://www.youtube.com/watch?v=K_kwEi5eh34

Jahzzar - Where it goes
https://www.youtube.com/watch?v=5Y_hNfLwxF4

Jason Shaw - WORDS
––––––––––––––––––––––––––––––
WORDS by Jason Shaw http://freemusicarchive.org/music/Jas...
Creative Commons — Attribution-ShareAlike 3.0 Unported— CC BY-SA 3.0
Free Download / Stream: https://bit.ly/words-jason-shaw
Music promoted by Audio Library https://youtu.be/ELE7XCCgEsk
––––––––––––––––––––––––––––––
-------------------------------------------------------------------------",https://i.ytimg.com/vi/kSbSCNzNAIM/hqdefault.jpg,2256457,26592,2019-10-02T03:00:02Z,PT13M3S
83,5AlSk9rAjJc,UCNhofiqfw5nl-NeDJkXtPvw,이스라엘-요르단 국경 건너기 【유라시아83】,"항상 그래왔지만 제 태도가 건강하게 일하시는 다른 택시기사 분들까지 싸잡아 모욕하는 것 같이 들릴수도 있습니다.

여행하다보면 국경이나 공항에서 여행자 눈탱이 치는 택시기사들을 정말 '항상'만날 수 있습니다. 

영상에서 제가 욕하는 놈들은 그런놈들이지 시내에서 제값 받으시면서 평범하게 일하시는 분들을 욕하는건 아닙니다. 오해가 없으셨으면 좋겠네요.

그리고 이스라엘 체크포인트에서 처음 만난 직원은 굉장히 무례하고 막무가내였는데 다른 직원이 와서 굉장히 유화적인 태도로 다른 방법이 없어 미안하다고 하더군요. 어딜가나 다양한 사람들이 있는 것 같습니다.

화는 잘 조절해보도록 하겠습니다. 정말 이러다 한대 쳐맞을듯
-------------------------------------------------------------------------
촬영장비
Gopro7
Lumix G85

마이크
없음(Gopro7)
-------------------------------------------------------------------------
BGM

Bobbi Brix - D-Press
https://www.youtube.com/watch?v=Hpt64407uvw&t=225s

Kevin Macleod - Hustle
https://www.youtube.com/watch?v=spcp4ueFfVY&t=43s

Kevin MacLeod - Lachaim
https://www.youtube.com/watch?v=q9_Jo0KWYLg
-------------------------------------------------------------------------",https://i.ytimg.com/vi/5AlSk9rAjJc/hqdefault.jpg,1600629,20263,2019-10-06T03:00:02Z,PT12M21S
84,9bq2aDSqd-Y,UCNhofiqfw5nl-NeDJkXtPvw,요르단 아랍 음식 체험기 【유라시아84】,"먹방 연습중
대추야자 한국에서 5천원에 파네? 푸핰ㅋ
떡볶이 개땡긴다 하
-------------------------------------------------------------------------
촬영장비
Gopro7
Lumix G85

마이크
없음(Gopro7)
-------------------------------------------------------------------------
BGM

Bobbi Brix - 3Time 3Meal
https://soundcloud.com/hornisback/3time-3meal-piano-trap

Jahzzar - Flutter
https://soundcloud.com/jahzzar/flutter

Kevin MacLeod - Batty McFaddin
https://www.youtube.com/watch?v=Vb5gKkMvV7M
-------------------------------------------------------------------------",https://i.ytimg.com/vi/9bq2aDSqd-Y/hqdefault.jpg,2629303,26122,2019-10-09T03:00:00Z,PT14M34S
85,b80oRcGj1WI,UCNhofiqfw5nl-NeDJkXtPvw,요르단 배낭 여행 일상 【유라시아85】,"요르단이 처음엔 인상이 좋았는데...참 이거
뭐라고 말로 설명하기가 어렵네
-------------------------------------------------------------------------
촬영장비
Gopro7
Lumix G85

마이크
없음(Gopro7)
-------------------------------------------------------------------------
BGM

Kevin MacLeod - Vadodara
https://www.youtube.com/watch?v=WSsoiBb9mBU

Cellophane Sam - Every cowboy
https://www.youtube.com/watch?v=0AOPoyWuSg4
-------------------------------------------------------------------------",https://i.ytimg.com/vi/b80oRcGj1WI/hqdefault.jpg,1296164,15039,2019-10-14T23:00:04Z,PT10M8S
86,a9Katt91PvA,UCNhofiqfw5nl-NeDJkXtPvw,미지의 나라 사우디 아라비아 가보기 【유라시아86】,"이번주는 사정이 있어서 2회 분량을 하루에 다 올리게 되었습니다
그래서 다음주까지 새 영상은 읎네요 ㅎㅎ;
-------------------------------------------------------------------------
촬영장비
Gopro7
Lumix G85

마이크
없음(Gopro7)
-------------------------------------------------------------------------
BGM

Bobbi Brix - 황금 티켓
https://www.youtube.com/watch?v=77bsujWHhk4

Kevin MacLeod - Club Seamus
https://www.youtube.com/watch?v=SQ7v4koRepc

Kevin MacLeod - Fiddles McGinty
https://www.youtube.com/watch?v=_3gRmK-7LCk

Kevin MacLeod - Hustle
https://www.youtube.com/watch?v=spcp4ueFfVY&t=43s
-------------------------------------------------------------------------",https://i.ytimg.com/vi/a9Katt91PvA/hqdefault.jpg,2397212,28669,2019-10-14T23:00:00Z,PT13M43S
87,vjBT6h0wCRs,UCNhofiqfw5nl-NeDJkXtPvw,사우디 아라비아 렌트카 여행하기 【유라시아87】,"너흰 아직
준비가 안됐다~
-------------------------------------------------------------------------
촬영장비
Gopro7
Lumix G85

마이크
없음(Gopro7)
-------------------------------------------------------------------------
BGM

Doctor Turtle - Clusticus The Mistaken
https://www.youtube.com/watch?v=6ZlfRtrtpw0&t=11s

Kevin MacLeod - Semi-Funk
https://www.youtube.com/watch?v=z4MiiolTXok

Kevin MacLeod - Accralate
https://incompetech.filmmusic.io/song/3336-accralate
-------------------------------------------------------------------------",https://i.ytimg.com/vi/vjBT6h0wCRs/hqdefault.jpg,1683099,19396,2019-10-18T03:00:12Z,PT12M48S
88,ZA_mo7IfbI4,UCNhofiqfw5nl-NeDJkXtPvw,여행하기 쉽지 않은 사우디 아라비아 후기 【유라시아88】,"개인적으로 사우디 아라비아는 여러모로 아쉬운 나라입니다.

배낭 여행 인프라가 없어서 여행하기 어려운 점은 물론
유튜브 영상 제작에 있어서도 소재가 부족해 뭐 하나 쉬운게 없었네요.

물론 제가 둘러보지 못한 숨어있는 관광지가 많습니다.
하지만 차가 없으면 접근이 굉장히 힘들더군요.

뭔가 이래저래 생각만 많아지고 수확이 별로 없는 느낌이라 마무리가 조금 아쉽지만 그냥 빨리 다음 여행을 준비하는게 맞겠다 싶었습니다.

멋진 사우디 영상은 다른 유튜버 분들이 만들어주실거라 기대합니다.

저는 다른데로 튑니다 ㅂㅂ2
-------------------------------------------------------------------------
촬영장비
Gopro7
Lumix G85

마이크
없음(Gopro7)
-------------------------------------------------------------------------
BGM

Jahhazar - Get out
https://soundcloud.com/jahzzar/get-out

Kevin MacLeod - Crinoline Dreams
https://www.youtube.com/watch?v=hdDc7yX0doc

Kevin MacLeod ~ Mystery Bazaar
https://www.youtube.com/watch?v=HEFs3Q_7f-E
-------------------------------------------------------------------------",https://i.ytimg.com/vi/ZA_mo7IfbI4/hqdefault.jpg,1888021,20792,2019-10-22T23:00:06Z,PT12M19S
89,AuYTk8tZw5I,UCNhofiqfw5nl-NeDJkXtPvw,약간 고급진 두바이 여행 - 【유라시아89】,"여행닭Q버벅쓰티비 - https://www.youtube.com/user/MsBough


자세한 영상은 위 채널에서 시청 가능합니다


대부분의 비용을 버벅쓰 형님이 처리해주셨다는 사실
계속 공짜 좋아해서 머리가 더 빠지고 있다는 사실
-------------------------------------------------------------------------
촬영장비
Gopro7
Lumix G85

마이크
없음(Gopro7)
-------------------------------------------------------------------------
BGM

Kevin MacLeod - Dvorak Polka
https://www.youtube.com/watch?v=56J1EkmfpCk


Kevin MacLeod - In Your Arms
https://www.youtube.com/watch?v=mpr8tjYc7Ds

Kevin MacLeod - Mining by Moonlight
https://www.youtube.com/watch?v=f27zdJeKrQ8
-------------------------------------------------------------------------",https://i.ytimg.com/vi/AuYTk8tZw5I/hqdefault.jpg,1320648,16194,2019-10-28T23:00:00Z,PT8M41S
90,tYdjJsBwydo,UCNhofiqfw5nl-NeDJkXtPvw,약간 고급진 두바이 여행 - 【유라시아90】,"『곽튜브』님과는 동종 업계 경쟁자이기 때문에 
따로 홍보하지는 않겠습니다.

살아남는 자가 승리자일 뿐...

훗.
-------------------------------------------------------------------------
촬영장비
Gopro7
Lumix G85

마이크
없음(Gopro7)
-------------------------------------------------------------------------
BGM

Kevin MacLeod - Rocket Power
https://www.youtube.com/watch?v=IqCKNVXobW0

Kevin MacLeod - Shaving Mirror
https://www.youtube.com/watch?v=nsySHvleEmk

Kevin MacLeod - Surf Shimmy
https://www.youtube.com/watch?v=EwFxQlX0TXs
-------------------------------------------------------------------------",https://i.ytimg.com/vi/tYdjJsBwydo/hqdefault.jpg,1340058,16045,2019-10-29T23:00:04Z,PT13M40S
91,tdt04UHsc1Y,UCNhofiqfw5nl-NeDJkXtPvw,두바이 공항에서 노숙하기 【유라시아91】,"턱에 붙인 밴드는 여드름 때문입니다

아직도 여드름이 나는 나는 젊습니다
-------------------------------------------------------------------------
촬영장비
Gopro7
Lumix G85

마이크
없음(Gopro7)
-------------------------------------------------------------------------
BGM

Kevin MacLeod - Airport Lounge
https://www.youtube.com/watch?v=KF4YWhQDI4M

Kevin MacLeod - Jazz Brunch
https://www.youtube.com/watch?v=Bn7uv0Kt72Y

Kevin MacLeod - Mining by Moonlight
https://www.youtube.com/watch?v=f27zdJeKrQ8
-------------------------------------------------------------------------",https://i.ytimg.com/vi/tdt04UHsc1Y/hqdefault.jpg,1452363,16625,2019-11-04T23:00:12Z,PT9M36S
92,yvo9Jyg35y4,UCNhofiqfw5nl-NeDJkXtPvw,이집트 다합 일주일 살아보기 【유라시아92】,"다합 쌉고인물들 사이에서 일주일 정도 냄새만 맡아봄

좋았다
-------------------------------------------------------------------------
촬영장비
Gopro7
Lumix G85

마이크
없음(Gopro7)
-------------------------------------------------------------------------
BGM

Kevin MacLeod - Awesome Call
https://www.youtube.com/watch?v=yrmCJsEQNmk

Kevin MacLeod - Honey Bee
https://www.youtube.com/watch?v=SGnaO4OOzso

Kevin MacLeod - Quasi Motion
https://www.youtube.com/watch?v=cjfK8hGMXRw
-------------------------------------------------------------------------",https://i.ytimg.com/vi/yvo9Jyg35y4/hqdefault.jpg,1786217,21255,2019-11-11T03:00:08Z,PT11M38S
93,EBnFv11fCU4,UCNhofiqfw5nl-NeDJkXtPvw,혼돈과 충격의 카이로 · 피라미드 방문기 【유라시아93】,"피라미드야 원래 털릴대로 털린 유적지라지만
허허허
-------------------------------------------------------------------------
촬영장비
Gopro7
Lumix G85

마이크
없음(Gopro7)
-------------------------------------------------------------------------
BGM

Jahzzar - The Wrong Way
https://www.youtube.com/watch?v=irjH9PEtEJg

Kevin MacLeod - Deadly Roulette
https://www.youtube.com/watch?v=Ols_ERiJrbw
-------------------------------------------------------------------------",https://i.ytimg.com/vi/EBnFv11fCU4/hqdefault.jpg,2822816,32218,2019-11-13T22:30:00Z,PT13M21S
94,RJhZCnkAT04,UCNhofiqfw5nl-NeDJkXtPvw,이집트 비둘기 먹어보기 【유라시아94】,"참고 문헌 :
https://www.youtube.com/watch?v=ROQuQYljHGI
-------------------------------------------------------------------------
촬영장비
Gopro7
Lumix G85

마이크
없음(Gopro7)
-------------------------------------------------------------------------
BGM

Kevin MacLeod - Aces High
https://www.youtube.com/watch?v=E6Ac98ai2e8

Kevin MacLeod - ZigZag
https://www.youtube.com/watch?v=EAgIvittCj0
-------------------------------------------------------------------------",https://i.ytimg.com/vi/RJhZCnkAT04/hqdefault.jpg,1305425,19194,2019-11-17T23:00:03Z,PT12M39S
95,aQ7hd1_vmjc,UCNhofiqfw5nl-NeDJkXtPvw,이집트 쓰레기 도시 가보기 【유라시아95】,"노우라는 일본어 전문가라 일본어 많이 했는데

안타깝게도 이시국이라 다 짜름 ㅋ
-------------------------------------------------------------------------
촬영장비
Gopro7
Lumix G85

마이크
없음(Gopro7)
-------------------------------------------------------------------------
BGM

WORDS - Jason Shaw
https://www.youtube.com/watch?v=ELE7XCCgEsk

Jahzzar - lev02
https://soundcloud.com/jahzzar
-------------------------------------------------------------------------",https://i.ytimg.com/vi/aQ7hd1_vmjc/hqdefault.jpg,1229692,16206,2019-11-20T16:00:01Z,PT9M36S
96,4x_5DY7boSI,UCNhofiqfw5nl-NeDJkXtPvw,이집트 고대 유적 가보기 【유라시아96】,"결론 : 어쌔신 크리드 - 오리진은(는) 정말 대단해!
-------------------------------------------------------------------------
촬영장비
Gopro7
Lumix G85

마이크
없음(Gopro7)
-------------------------------------------------------------------------
BGM

Kevin MacLeod ~ Ibn Al-Noor
https://www.youtube.com/watch?v=N6ORZ7-Mtjg
-------------------------------------------------------------------------",https://i.ytimg.com/vi/4x_5DY7boSI/hqdefault.jpg,1159815,15326,2019-11-24T22:00:00Z,PT10M4S
97,MxEfu72DpM4,UCNhofiqfw5nl-NeDJkXtPvw,이집트 사막 위 오아시스 가보기 【유라시아97】,"막상 이집트 떠나려니까 물가도 싸고

남자대 남자의 뜨거운 흥정 기싸움도 있었고

길거리에서의 야유를 슬기롭게 받아 넘기는 잔재미가 있었는데 

살짝 아쉬움
-------------------------------------------------------------------------
촬영장비
Gopro7
Lumix G85

마이크
없음(Gopro7)
-------------------------------------------------------------------------
BGM

Jahzzar - The Valley
https://www.youtube.com/watch?v=hUjnJMA1uE4

Kevin MacLeod - Digya
https://www.youtube.com/watch?v=XZmBI0hIEPs
-------------------------------------------------------------------------",https://i.ytimg.com/vi/MxEfu72DpM4/hqdefault.jpg,1295986,15681,2019-12-01T22:00:05Z,PT10M13S
98,vAuIpcLpeHg,UCNhofiqfw5nl-NeDJkXtPvw,중동 여행을 마치며... - 【유라시아98】,"여행이나 유튜브나 참 다사다난했던 중동
-------------------------------------------------------------------------
촬영장비
Gopro7
Lumix G85

마이크
없음(Gopro7)
-------------------------------------------------------------------------
BGM

Bobbi. Brix - 피노키오
https://www.youtube.com/watch?v=CHb6h3GsR10&t=35s

Jahzzar - Ashes
https://soundcloud.com/jahzzar
-------------------------------------------------------------------------",https://i.ytimg.com/vi/vAuIpcLpeHg/hqdefault.jpg,639979,12590,2019-12-03T22:00:07Z,PT7M27S
99,sE1yHl0MzP4,UCNhofiqfw5nl-NeDJkXtPvw,물가 싼 동유럽에서 쇼핑해보기 【유라시아99】,"(*수정 : 마지막에 먹은 요리는 양고기가 아닌 돼지 고기 요리였습니다)

춥다 라고 말한거 많이 편집 했는데도 이렇게 많네
-------------------------------------------------------------------------
촬영장비
Gopro7
Lumix G85

마이크
없음(Gopro7)
-------------------------------------------------------------------------
BGM

Kevin MacLeod - Sinfonia
https://www.youtube.com/watch?v=BSc1qmjZcEk

Kevin MacLeod - Semi-Funk
https://www.youtube.com/watch?v=z4MiiolTXok
-------------------------------------------------------------------------",https://i.ytimg.com/vi/sE1yHl0MzP4/hqdefault.jpg,2228383,22712,2019-12-08T22:00:06Z,PT12M21S
100,6KubzC18Ybg,UCNhofiqfw5nl-NeDJkXtPvw,루마니아 크리스마스 마켓 가보기 【유라시아100】,"BGM이 많이 깔린 이유는 행사장에서 크리스마스 캐롤이 많이 나와서
저작권을 피하기 위해서 입니다

한마디로 돈벌기위해
-------------------------------------------------------------------------
촬영장비
Gopro7
Lumix G85

마이크
없음(Gopro7)
-------------------------------------------------------------------------
BGM

Kevin MacLeod - Wah Game Loop
https://www.youtube.com/watch?v=gpSSlayFIPE

Kevin Macleod - Up on a Housetop
https://www.youtube.com/watch?v=QxBnmAuXZIE

Kevin MacLeod - We Wish you a Merry Christmas
https://www.youtube.com/watch?v=kkchGlXVKrU
-------------------------------------------------------------------------",https://i.ytimg.com/vi/6KubzC18Ybg/hqdefault.jpg,1126680,14849,2019-12-11T22:00:00Z,PT9M11S
101,BSRpoFZqz1o,UCNhofiqfw5nl-NeDJkXtPvw,루마니아 소금 광산 가보기 【유라시아101】,"몸이 좀 안좋았어서 늦었습니다
제성

지금은 나았습니다
황제성
-------------------------------------------------------------------------
촬영장비
Gopro7
Lumix G85

마이크
없음(Gopro7)
-------------------------------------------------------------------------
BGM

Lobo Loco - Arround the Cliffs
https://freemusicarchive.org/music/Lobo_Loco/My_Yearnings/Arround_the_Cliffs_ID_1202

Christian Bjoerklund - Hallon
https://freemusicarchive.org/music/Christian_Bjoerklund/Skapmat/christian_bjoerklund_-_skpmat_ep_-_01_-_hallon
-------------------------------------------------------------------------",https://i.ytimg.com/vi/BSRpoFZqz1o/hqdefault.jpg,1284989,16117,2019-12-17T22:00:00Z,PT10M32S
102,LaADf8jMqJg,UCNhofiqfw5nl-NeDJkXtPvw,몰도바에서 버려진 소련 벙커 가보기 【유라시아102】,"제목이 좀 아닌것 같다는 의견을 받아들여 바꿔봤습니다
나도 좀 그르긴 했어 ㅎ
-------------------------------------------------------------------------
촬영장비
Gopro7
Lumix G85

마이크
없음(Gopro7)
-------------------------------------------------------------------------
BGM

Kevin MacLeod - Cold Sober
https://www.youtube.com/watch?v=45bysLSteVA

Kevin MacLeod ~ Moonlight Hall
https://www.youtube.com/watch?v=QjIt9NmCzfc

Kevin MacLeod - Lost Frontier
https://www.youtube.com/watch?v=Mqgql_xKVO4
-------------------------------------------------------------------------",https://i.ytimg.com/vi/LaADf8jMqJg/hqdefault.jpg,1956939,24798,2019-12-21T03:00:02Z,PT20M48S
103,fY9J3u6PJZw,UCNhofiqfw5nl-NeDJkXtPvw,미승인 국가 트란스니스트리아 방문기 【유라시아103】,"파업한거 아닙니다

그냥 논겁니다
-------------------------------------------------------------------------
촬영장비
Gopro7
Lumix G85

마이크
없음(Gopro7)
-------------------------------------------------------------------------
BGM

Kevin MacLeod - Four Beers' Polka
https://www.youtube.com/watch?v=sApoTxznq5E
-------------------------------------------------------------------------",https://i.ytimg.com/vi/fY9J3u6PJZw/hqdefault.jpg,1260975,15608,2019-12-30T07:03:57Z,PT7M20S
104,slZvAk74WwQ,UCNhofiqfw5nl-NeDJkXtPvw,체르노빌 1박 2일 여행기 【유라시아104】,"눈 하나 더 생기는 중(코밑에)
-------------------------------------------------------------------------
촬영장비
Gopro7
Lumix G85

마이크
없음(Gopro7)
-------------------------------------------------------------------------
BGM

Kevin MacLeod - Moonlight Hall
https://www.youtube.com/watch?v=QjIt9NmCzfc

Kai Engel - Behind Your Window
https://www.youtube.com/watch?v=w_5vXn_5zEE
-------------------------------------------------------------------------",https://i.ytimg.com/vi/slZvAk74WwQ/hqdefault.jpg,2792027,29541,2019-12-30T07:04:10Z,PT18M43S
105,tfp0HQnGk4c,UCNhofiqfw5nl-NeDJkXtPvw,우크라이나 이상한 헬스장 가보기 【유라시아105】,"찐따 주의

+ 최근에 알았는데 탱크부품으로 만든 운동기구들이라고 하네요 ㅋㅋ
-------------------------------------------------------------------------
촬영장비
Gopro7
Lumix G85

마이크
없음(Gopro7)
-------------------------------------------------------------------------
BGM

Tintamare - Propane
https://www.youtube.com/watch?v=hnks4LffoDY

Kevin MacLeod - Hep Cats
https://www.youtube.com/watch?v=qhQDDlCAhc4

Kevin MacLeod - Farting Around
https://www.youtube.com/watch?v=M1keJnk2hrg

Kevin MacLeod - Acid Jazz
https://www.youtube.com/watch?v=qsOdeodEC9c
-------------------------------------------------------------------------",https://i.ytimg.com/vi/tfp0HQnGk4c/hqdefault.jpg,961326,15352,2020-01-04T13:49:29Z,PT11M13S
106,A4im5ZUu4iw,UCNhofiqfw5nl-NeDJkXtPvw,소련이 만들어놓은 지하세계 가보기 【유라시아106】,"투어 신청하는 곳
https://www.urbextour.com/en/

고프로7 + 갤럭시 노트10 마지막 유작입니다
고프로는 곧 다시 구입 예정입니다

+제가 방독면을 좋아하는 이유
https://www.youtube.com/watch?v=WUhOnX8qt3I
-------------------------------------------------------------------------
촬영장비
Gopro7
Galaxy Note 10

마이크
없음(Gopro7)
-------------------------------------------------------------------------
BGM

Kevin MacLeod - Chill
https://www.youtube.com/watch?v=Lhy6BTm-CQM

Kevin MacLeod - Darkness Is Coming
https://www.youtube.com/watch?v=asZxVRQxW6w
-------------------------------------------------------------------------",https://i.ytimg.com/vi/A4im5ZUu4iw/hqdefault.jpg,1856923,24688,2020-01-07T22:00:03Z,PT17M22S
107,DZfOSDWTCY0,UCNhofiqfw5nl-NeDJkXtPvw,유럽 여행 중 가방 도둑맞은 후기 【유라시아107】,"모두 복구하니까 또 나름 새롭네요

고잉메리호 보내준 기분 듬

참고로 원피스 하늘섬 이후로 안봄
-------------------------------------------------------------------------
촬영장비
Gopro 8 Black
Lumix G85
Galaxy On7 Prime

마이크
없음(Gopro 8 Black)
-------------------------------------------------------------------------
BGM

Kevin MacLeod - The Show Must Be Go
https://www.youtube.com/watch?v=TqG9i1WTins
-------------------------------------------------------------------------",https://i.ytimg.com/vi/DZfOSDWTCY0/hqdefault.jpg,1006765,13869,2020-01-14T22:00:02Z,PT8M48S
108,9TrVMhrBYIU,UCNhofiqfw5nl-NeDJkXtPvw,슬로바키아의 조금 위험한 마을 방문기 【유라시아108】,"-------------------------------------------------------------------------
촬영장비
Gopro 8 Black
Lumix G85

마이크
없음(Gopro 8 Black)
-------------------------------------------------------------------------
BGM

Kevin MacLeod - Loopster
https://www.youtube.com/watch?v=H1FEkUF9st0&t=2s

Kevin MacLeod - Accralate
https://www.youtube.com/watch?v=PJiZdqOXeQQ&t=4s

Kevin MacLeod - Gypsy Shoegazer
https://www.youtube.com/watch?v=kDHu8ONQL5k
-------------------------------------------------------------------------",https://i.ytimg.com/vi/9TrVMhrBYIU/hqdefault.jpg,1560753,17800,2020-01-19T15:25:07Z,PT13M10S
109,nIOC7Vbt0ko,UCNhofiqfw5nl-NeDJkXtPvw,체코 맥주 목욕 해보기 【유라시아109】,"솔직히 피부는 식습관이 제일 중요

(문과 왈)
-------------------------------------------------------------------------
촬영장비
Gopro 8 Black
Lumix G85

마이크
없음(Gopro 8 Black)
-------------------------------------------------------------------------
BGM

Kevin MacLeod - Hillbilly Swing
https://www.youtube.com/watch?v=LQmZ2f6Q-YY
-------------------------------------------------------------------------",https://i.ytimg.com/vi/nIOC7Vbt0ko/hqdefault.jpg,1134747,15769,2020-01-22T22:00:07Z,PT4M52S
110,d8GwqZyU8Kk,UCNhofiqfw5nl-NeDJkXtPvw,여행중 만난 유럽 친구들 찾아가기 【유라시아110】,"이봐

블리자드는 끝난건가...?
-------------------------------------------------------------------------
촬영장비
Gopro 8 Black
Lumix G85

마이크
없음(Gopro 8 Black)
-------------------------------------------------------------------------
BGM

Kevin MacLeod - Bama Country
https://www.youtube.com/watch?v=0ZT-lImacjM

Kevin MacLeod - Cold Sober
https://www.youtube.com/watch?v=45bysLSteVA

Kevin MacLeod - Night In Venice
https://www.youtube.com/watch?v=9l_JuLyYGmo

Kevin MacLeod - Study and Relax
https://www.youtube.com/watch?v=5Z_Ecyh6e7A

Kevin MacLeod - Deuces
https://www.youtube.com/watch?v=A-GVLzmgiEI
-------------------------------------------------------------------------",https://i.ytimg.com/vi/d8GwqZyU8Kk/hqdefault.jpg,1710165,41299,2020-02-02T10:08:12Z,PT15M14S
111,RrOQi1u7m90,UCNhofiqfw5nl-NeDJkXtPvw,프랑스 시골 마을 생활기 【유라시아111】,"언젠가 무엇이 되어 다시 만나리
-------------------------------------------------------------------------
촬영장비
Gopro 8 Black
Lumix G85

마이크
없음(Gopro 8 Black)
-------------------------------------------------------------------------
BGM

Kevin MacLeod - ZigZag
https://www.youtube.com/watch?v=EAgIvittCj0

Kevin MacLeod - Crinoline Dreams
https://www.youtube.com/watch?v=hdDc7yX0doc

Kevin MacLeod - Hackbeat
https://www.youtube.com/watch?v=JlFgDRIJSMA

Kevin MacLeod - Drankin Song
https://www.youtube.com/watch?v=tH6xmarNvs8

Kevin MacLeod - Daily Beetle
https://www.youtube.com/watch?v=T7x-vjAmlr4
-------------------------------------------------------------------------",https://i.ytimg.com/vi/RrOQi1u7m90/hqdefault.jpg,2210199,35213,2020-02-04T23:00:10Z,PT16M33S
112,a_Tv9_sr5Ps,UCNhofiqfw5nl-NeDJkXtPvw,얄팍한 수법의 에펠탑 주변 사기꾼들 【유라시아112】,"잠시 쉬어가는 코너
당하지 말자능
-------------------------------------------------------------------------
촬영장비
Gopro 8 Black

마이크
없음(Gopro 8 Black)
-------------------------------------------------------------------------
BGM

Kevin MacLeod - Wah Game Loop
https://www.youtube.com/watch?v=gpSSlayFIPE&t=1s
-------------------------------------------------------------------------",https://i.ytimg.com/vi/a_Tv9_sr5Ps/hqdefault.jpg,1375390,13821,2020-02-08T08:01:18Z,PT4M48S
113,hxkL3Ob_5yA,UCNhofiqfw5nl-NeDJkXtPvw,소박한 영국 길거리 음식 체험기 【유라시아113】,"아마 이번 여행 먹방 영상은 이게 끝이 아닐까 싶습니다

마음은 굴뚝같으나 제 재능(위장)이 따라주질 않네요
-------------------------------------------------------------------------
촬영장비
Gopro 8 Black
Lumix G85

마이크
없음(Gopro 8 Black)
-------------------------------------------------------------------------
BGM

Kevin MacLeod - Bama Country
https://www.youtube.com/watch?v=0ZT-lImacjM&t=1s

Kevin MacLeod - Night In Venice
https://www.youtube.com/watch?v=9l_JuLyYGmo

Kevin MacLeod - Awesome Call
https://www.youtube.com/watch?v=yrmCJsEQNmk

Kevin MacLeod - Gonna Start
https://www.youtube.com/watch?v=Ap151G6ZuE4
-------------------------------------------------------------------------",https://i.ytimg.com/vi/hxkL3Ob_5yA/hqdefault.jpg,2589717,24441,2020-02-13T03:00:09Z,PT10M4S
114,Buf25jpXMEc,UCNhofiqfw5nl-NeDJkXtPvw,아이슬란드 공짜 온천 찾아다니기 【유라시아114】,"첫번째 온천 - https://goo.gl/maps/bRLWycy48DtbQmPL7
두번째 온천 - https://goo.gl/maps/jfpdJMdQxoDCwgzc8

공짜를 좋아한다고 대머리가 되지는 않습니다
대머리는 유전입니다
-------------------------------------------------------------------------
촬영장비
Gopro 8 Black
Lumix G85

마이크
없음(Gopro 8 Black)
-------------------------------------------------------------------------
BGM

Jahzzar - The Valley
https://www.youtube.com/watch?v=hUjnJMA1uE4

Jahzzar - Bloom
https://www.youtube.com/watch?v=ktWsDTyw8b4

Jahzzar - Silver
https://www.youtube.com/watch?v=_MFRoukoW54

Kevin MacLeod - On the Ground
https://www.youtube.com/watch?v=1T2Irrk9NNE
-------------------------------------------------------------------------",https://i.ytimg.com/vi/Buf25jpXMEc/hqdefault.jpg,2569568,35041,2020-02-20T05:00:02Z,PT12M55S
115,sim260wvwSE,UCNhofiqfw5nl-NeDJkXtPvw,아이슬란드 오로라 찾아다니기 【유라시아115】,"오로라는 '이번 여행' 마지막 퀘스트입니다
인쟈 집에 가는 여정 찍어 올립니다 ㅎㅎ
-------------------------------------------------------------------------
촬영장비
Gopro 8 Black
Lumix G85

마이크
없음(Gopro 8 Black)
-------------------------------------------------------------------------
BGM

Bobbi. Brix - Your Color
이번 영상을 위해서 특별히 제작 주문하였습니다^^
https://www.youtube.com/watch?v=WXrQ1ufaKpQ

Kevin MacLeod - Hackbeat
https://www.youtube.com/watch?v=JlFgDRIJSMA&t=21s

Kevin MacLeod - Nu Flute
https://www.youtube.com/watch?v=fjRsBCkVRlI

Kevin MacLeod - Pippin the Hunchback
https://www.youtube.com/watch?v=hbZlL7p2xPk
-------------------------------------------------------------------------",https://i.ytimg.com/vi/sim260wvwSE/hqdefault.jpg,1263710,20598,2020-02-23T03:00:11Z,PT12M37S
116,O54L3MDh1Ic,UCNhofiqfw5nl-NeDJkXtPvw,아이슬란드 눈지옥 체험기 【유라시아116】,"이번 영상 모르고 30프레임으로 제작했네요 
원래 항상 60프레임으로 제작하는데
-------------------------------------------------------------------------
촬영장비
Gopro 8 Black

마이크
없음(Gopro 8 Black)
-------------------------------------------------------------------------
BGM

Kevin MacLeod - Cold Sober
https://www.youtube.com/watch?v=45bysLSteVA&t=2s

Kevin MacLeod - Moonlight Hall
https://www.youtube.com/watch?v=QjIt9NmCzfc

Kevin MacLeod - Pennsylvania Rose
https://www.youtube.com/watch?v=nEMk9EJ36-U
-------------------------------------------------------------------------",https://i.ytimg.com/vi/O54L3MDh1Ic/hqdefault.jpg,1270336,17568,2020-02-26T16:14:25Z,PT12M28S
117,EQn62k7Js8c,UCNhofiqfw5nl-NeDJkXtPvw,모스크바 옛 소련 오락실 가보기 【유라시아117】,"잡소리 건너뛰기 - 03:53
-------------------------------------------------------------------------
촬영장비
Gopro 8 Black
Lumix G85

마이크
없음(Gopro 8 Black)
-------------------------------------------------------------------------
BGM

Kevin MacLeod - Itty Bitty 8 Bit
https://www.youtube.com/watch?v=BbZwrEK4JKw

Kevin MacLeod - Nowhere Land
https://www.youtube.com/watch?v=W1lNH6mN7Ck

Kevin MacLeod - Leopard Print Elevator
https://www.youtube.com/watch?v=IiuoR2R9LC8
-------------------------------------------------------------------------",https://i.ytimg.com/vi/EQn62k7Js8c/hqdefault.jpg,1321739,16153,2020-03-03T04:00:31Z,PT10M56S
118,V3q1Rab02W4,UCNhofiqfw5nl-NeDJkXtPvw,혹한의 시베리아 도시 가보기 【유라시아118】,"이번 영상부터 중간 광고 한개 넣기 시작했습니다

나비보벳따우
-------------------------------------------------------------------------
촬영장비
Gopro 8 Black
Lumix G85

마이크
없음(Gopro 8 Black)
-------------------------------------------------------------------------
BGM

Jahzzar - Dogs & Cats
https://www.youtube.com/watch?v=DD-0xu5MLPk

Jahzzar - Be nice
https://www.youtube.com/watch?v=cWL1pjYslf0

Jahzzar - Vanlig
https://www.youtube.com/watch?v=Wd_Jqrax0nw

Jahzzar - Curves
https://www.youtube.com/watch?v=U5SHYD0NtD4
-------------------------------------------------------------------------",https://i.ytimg.com/vi/V3q1Rab02W4/hqdefault.jpg,1724945,19865,2020-03-12T12:08:58Z,PT14M13S
119,CrztsDKbhqo,UCNhofiqfw5nl-NeDJkXtPvw,세계에서 가장 추운 마을 오이먀콘 가보기 【유라시아119】,"사실 오이먀콘 봄에 간거라 엄청 춥진 않았음

낮에는 약 -30°C 
밤에는 약 -50°C
-------------------------------------------------------------------------
촬영장비
Gopro 8 Black
Lumix G85

마이크
없음(Gopro 8 Black)
-------------------------------------------------------------------------
BGM

Jahzzar - Storyteller
https://www.youtube.com/watch?v=rjxoUmoBygE

Jahzzar - the letter
https://www.youtube.com/watch?v=Naezr61vsI0

Jahzzar - Welcome
https://www.youtube.com/watch?v=FMRIG5KcoSQ
-------------------------------------------------------------------------",https://i.ytimg.com/vi/CrztsDKbhqo/hqdefault.jpg,1862917,23288,2020-03-19T08:12:54Z,PT13M13S
120,7nhWFC3Dv9Y,UCNhofiqfw5nl-NeDJkXtPvw,러시아 시베리아의 사냥꾼 따라가보기 【유라시아120】,"냥닥솔
-------------------------------------------------------------------------
촬영장비
Gopro 8 Black
Lumix G85

마이크
없음(Gopro 8 Black)
-------------------------------------------------------------------------
BGM

Jahzzar - Two days
https://www.youtube.com/watch?v=ZOkN36A_ZD8
-------------------------------------------------------------------------",https://i.ytimg.com/vi/7nhWFC3Dv9Y/hqdefault.jpg,1255898,16448,2020-03-23T23:00:02Z,PT12M31S
121,yWOeFFfVdA0,UCNhofiqfw5nl-NeDJkXtPvw,434일간의 세계여행 끝내고 잠시 집가기 【유라시아 마지막화】,"영상에서 3개월이라고 한건 제 희망사항일 뿐이고
다음 여행은 어쨌든 세계적으로 사태가 종결되면 떠날 예정입니다.

시베리아 횡단열차, 러시아 운전자 트렁크 열어보기, 얼어붙은 호수에서 자보기 등
러시아에서 해보고 싶은 것들이 너무나 많았는데 전부 포기할 수 밖에 없었습니다.
뭐 다음 기회를 노려봐야 할 듯

아무튼 유라시아 여행을 재밌게 봐주셔서 감사드립니다.

빨리 이 힘든 시기가 지나갔으면 좋겠네요.

ㅋㄹㄴ ㄱㅅㄲ
-------------------------------------------------------------------------
촬영장비
Gopro 8 Black
Lumix G85

마이크
없음(Gopro 8 Black)
-------------------------------------------------------------------------
BGM

Jahzzar - Waiting Room
https://www.youtube.com/watch?v=NYuU1UNHDY0

Jahzzar - No End Ave
https://www.youtube.com/results?search_query=jahzzar+no+end+ever
-------------------------------------------------------------------------",https://i.ytimg.com/vi/yWOeFFfVdA0/hqdefault.jpg,1876658,43946,2020-03-26T08:02:20Z,PT11M17S
